-- phpMyAdmin SQL Dump
-- version 5.1.1deb5ubuntu1
-- https://www.phpmyadmin.net/
--
-- Host: localhost:3306
-- Generation Time: Jan 23, 2023 at 11:16 PM
-- Server version: 8.0.31-0ubuntu0.22.04.1
-- PHP Version: 8.1.2-1ubuntu2.9

SET SQL_MODE = "NO_AUTO_VALUE_ON_ZERO";
START TRANSACTION;
SET time_zone = "+00:00";


/*!40101 SET @OLD_CHARACTER_SET_CLIENT=@@CHARACTER_SET_CLIENT */;
/*!40101 SET @OLD_CHARACTER_SET_RESULTS=@@CHARACTER_SET_RESULTS */;
/*!40101 SET @OLD_COLLATION_CONNECTION=@@COLLATION_CONNECTION */;
/*!40101 SET NAMES utf8mb4 */;

--
-- Database: `pokebilans`
--

-- --------------------------------------------------------

--
-- Table structure for table `hunts`
--

CREATE TABLE `hunts` (
  `id_hunt` int NOT NULL,
  `id_user` int NOT NULL,
  `id_sh_pokemon` int NOT NULL,
  `date_hunt` date NOT NULL
) ENGINE=InnoDB DEFAULT CHARSET=utf8mb4 COLLATE=utf8mb4_0900_ai_ci;

-- --------------------------------------------------------

--
-- Table structure for table `pokemons`
--

CREATE TABLE `pokemons` (
  `id_pokemon` int NOT NULL,
  `id_pokedex` char(10) DEFAULT NULL,
  `pokemon_name` varchar(30) NOT NULL,
  `catchable` tinyint(1) DEFAULT NULL
) ENGINE=InnoDB DEFAULT CHARSET=utf8mb4 COLLATE=utf8mb4_0900_ai_ci;

--
-- Dumping data for table `pokemons`
--

INSERT INTO `pokemons` (`id_pokemon`, `id_pokedex`, `pokemon_name`, `catchable`) VALUES
(1, '1', 'Bulbasaur', 1),
(2, '2', 'Ivysaur', 0),
(3, '3', 'Venusaur', 0),
(4, '3_m', 'Mega Venusaur', 0),
(5, '4', 'Charmander', 1),
(6, '5', 'Charmeleon', 0),
(7, '6', 'Charizard', 0),
(8, '6_mx', 'Mega Charizard X', 0),
(9, '6_my', 'Mega Charizard Y', 0),
(10, '7', 'Squirtle', 1),
(11, '8', 'Wartortle', 0),
(12, '9', 'Blastoise', 0),
(13, '9_m', 'Mega Blastoise', 0),
(14, '10', 'Caterpie', 1),
(15, '11', 'Metapod', 0),
(16, '12', 'Butterfree', 0),
(17, '13', 'Weedle', 1),
(18, '14', 'Kakuna', 0),
(19, '15', 'Beedrill', 0),
(20, '15_m', 'Mega Beedrill', 0),
(21, '16', 'Pidgey', 1),
(22, '17', 'Pidgeotto', 0),
(23, '18', 'Pidgeot', 0),
(24, '18_m', 'Mega Pidgeot', 0),
(25, '19', 'Rattata', 1),
(26, '20', 'Raticate', 0),
(27, '21', 'Spearow', 1),
(28, '22', 'Fearow', 0),
(29, '23', 'Ekans', 1),
(30, '24', 'Arbok', 0),
(31, '25', 'Pikachu', 1),
(32, '26', 'Raichu', 0),
(33, '27', 'Sandshrew', 1),
(34, '28', 'Sandslash', 0),
(35, '29', 'Nidoran_fem', 1),
(36, '30', 'Nidorina', 0),
(37, '31', 'Nidoqueen', 0),
(38, '32', 'Nidoran_male', 1),
(39, '33', 'Nidorino', 0),
(40, '34', 'Nidoking', 0),
(41, '35', 'Clefairy', 0),
(42, '36', 'Clefable', 0),
(43, '37', 'Vulpix', 1),
(44, '38', 'Ninetales', 0),
(45, '39', 'Jigglypuff', 0),
(46, '40', 'Wigglytuff', 0),
(47, '41', 'Zubat', 1),
(48, '42', 'Golbat', 0),
(49, '43', 'Oddish', 1),
(50, '44', 'Gloom', 0),
(51, '45', 'Vileplume', 0),
(52, '46', 'Paras', 1),
(53, '47', 'Parasect', 0),
(54, '48', 'Venonat', 1),
(55, '49', 'Venomoth', 0),
(56, '50', 'Diglett', 1),
(57, '51', 'Dugtrio', 0),
(58, '52', 'Meowth', 1),
(59, '53', 'Persian', 0),
(60, '54', 'Psyduck', 1),
(61, '55', 'Golduck', 0),
(62, '56', 'Mankey', 1),
(63, '57', 'Primeape', 0),
(64, '58', 'Growlithe', 1),
(65, '59', 'Arcanine', 0),
(66, '60', 'Poliwag', 1),
(67, '61', 'Poliwhirl', 0),
(68, '62', 'Poliwrath', 0),
(69, '63', 'Abra', 1),
(70, '64', 'Kadabra', 0),
(71, '65', 'Alakazam', 0),
(72, '65_m', 'Mega Alakazam', 0),
(73, '66', 'Machop', 1),
(74, '67', 'Machoke', 0),
(75, '68', 'Machamp', 0),
(76, '69', 'Bellsprout', 1),
(77, '70', 'Weepinbell', 0),
(78, '71', 'Victreebel', 0),
(79, '72', 'Tentacool', 1),
(80, '73', 'Tentacruel', 0),
(81, '74', 'Geodude', 1),
(82, '75', 'Graveler', 0),
(83, '76', 'Golem', 0),
(84, '77', 'Ponyta', 1),
(85, '78', 'Rapidash', 0),
(86, '79', 'Slowpoke', 1),
(87, '80', 'Slowbro', 0),
(88, '80_m', 'Mega Slowbro', 0),
(89, '81', 'Magnemite', 1),
(90, '82', 'Magneton', 0),
(91, '83', 'Farfetch\'d', 1),
(92, '84', 'Doduo', 1),
(93, '85', 'Dodrio', 0),
(94, '86', 'Seel', 1),
(95, '87', 'Dewgong', 0),
(96, '88', 'Grimer', 1),
(97, '89', 'Muk', 0),
(98, '90', 'Shellder', 1),
(99, '91', 'Cloyster', 0),
(100, '92', 'Gastly', 1),
(101, '93', 'Haunter', 0),
(102, '94', 'Gengar', 0),
(103, '94_m', 'Mega Gengar', 0),
(104, '95', 'Onix', 1),
(105, '96', 'Drowzee', 1),
(106, '97', 'Hypno', 0),
(107, '98', 'Krabby', 1),
(108, '99', 'Kingler', 0),
(109, '100', 'Voltorb', 1),
(110, '101', 'Electrode', 0),
(111, '102', 'Exeggcute', 1),
(112, '103', 'Exeggutor', 0),
(113, '104', 'Cubone', 1),
(114, '105', 'Marowak', 0),
(115, '106', 'Hitmonlee', 1),
(116, '107', 'Hitmonchan', 1),
(117, '108', 'Lickitung', 1),
(118, '109', 'Koffing', 1),
(119, '110', 'Weezing', 0),
(120, '111', 'Rhyhorn', 1),
(121, '112', 'Rhydon', 0),
(122, '113', 'Chansey', 1),
(123, '114', 'Tangela', 1),
(124, '115', 'Kangaskhan', 1),
(125, '115_m', 'Mega Kangaskhan', 0),
(126, '116', 'Horsea', 1),
(127, '117', 'Seadra', 0),
(128, '118', 'Goldeen', 1),
(129, '119', 'Seaking', 0),
(130, '120', 'Staryu', 1),
(131, '121', 'Starmie', 0),
(132, '122', 'Mr. Mime', 1),
(133, '123', 'Scyther', 1),
(134, '124', 'Jynx', 1),
(135, '125', 'Electabuzz', 1),
(136, '126', 'Magmar', 1),
(137, '127', 'Pinsir', 1),
(138, '127_m', 'Mega Pinsir', 0),
(139, '128', 'Tauros', 1),
(140, '129', 'Magikarp', 1),
(141, '130', 'Gyarados', 0),
(142, '130_m', 'Mega Gyarados', 0),
(143, '131', 'Lapras', 1),
(144, '132', 'Ditto', 0),
(145, '133', 'Eevee', 0),
(146, '134', 'Vaporeon', 0),
(147, '135', 'Jolteon', 0),
(148, '136', 'Flareon', 0),
(149, '137', 'Porygon', 1),
(150, '138', 'Omanyte', 0),
(151, '139', 'Omastar', 0),
(152, '140', 'Kabuto', 0),
(153, '141', 'Kabutops', 0),
(154, '142', 'Aerodactyl', 0),
(155, '142_m', 'Mega Aerodactyl', 0),
(156, '143', 'Snorlax', 0),
(157, '144', 'Articuno', 0),
(158, '145', 'Zapdos', 0),
(159, '146', 'Moltres', 0),
(160, '147', 'Dratini', 0),
(161, '148', 'Dragonair', 0),
(162, '149', 'Dragonite', 0),
(163, '150', 'Mewtwo', 0),
(164, '150_mx', 'Mega Mewtwo X', 0),
(165, '150_my', 'Mega Mewtwo Y', 0),
(166, '151', 'Mew', 0),
(167, '152', 'Chikorita', 1),
(168, '153', 'Bayleef', 0),
(169, '154', 'Meganium', 0),
(170, '155', 'Cyndaquil', 1),
(171, '156', 'Quilava', 0),
(172, '157', 'Typhlosion', 0),
(173, '158', 'Totodile', 1),
(174, '159', 'Croconaw', 0),
(175, '160', 'Feraligatr', 0),
(176, '161', 'Sentret', 1),
(177, '162', 'Furret', 0),
(178, '163', 'Hoothoot', 1),
(179, '164', 'Noctowl', 0),
(180, '165', 'Ledyba', 1),
(181, '166', 'Ledian', 0),
(182, '167', 'Spinarak', 1),
(183, '168', 'Ariados', 0),
(184, '169', 'Crobat', 0),
(185, '170', 'Chinchou', 1),
(186, '171', 'Lanturn', 0),
(187, '172', 'Pichu', 0),
(188, '173', 'Cleffa', 0),
(189, '174', 'Igglybuff', 0),
(190, '175', 'Togepi', 0),
(191, '176', 'Togetic', 0),
(192, '177', 'Natu', 1),
(193, '178', 'Xatu', 0),
(194, '179', 'Mareep', 1),
(195, '180', 'Flaaffy', 0),
(196, '181', 'Ampharos', 0),
(197, '181_m', 'Mega Ampharos', 0),
(198, '182', 'Bellossom', 0),
(199, '183', 'Marill', 1),
(200, '184', 'Azumarill', 0),
(201, '185', 'Sudowoodo', 1),
(202, '186', 'Politoed', 0),
(203, '187', 'Hoppip', 1),
(204, '188', 'Skiploom', 0),
(205, '189', 'Jumpluff', 0),
(206, '190', 'Aipom', 1),
(207, '191', 'Sunkern', 1),
(208, '192', 'Sunflora', 0),
(209, '193', 'Yanma', 1),
(210, '194', 'Wooper', 1),
(211, '195', 'Quagsire', 0),
(212, '196', 'Espeon', 0),
(213, '197', 'Umbreon', 0),
(214, '198', 'Murkrow', 1),
(215, '199', 'Slowking', 0),
(216, '200', 'Misdreavus', 1),
(217, '201', 'Unown', 0),
(218, '202', 'Wobbuffet', 0),
(219, '203', 'Girafarig', 1),
(220, '204', 'Pineco', 1),
(221, '205', 'Forretress', 0),
(222, '206', 'Dunsparce', 1),
(223, '207', 'Gligar', 1),
(224, '208', 'Steelix', 0),
(225, '208_m', 'Mega Steelix', 0),
(226, '209', 'Snubbull', 1),
(227, '210', 'Granbull', 0),
(228, '211', 'Qwilfish', 1),
(229, '212', 'Scizor', 0),
(230, '212_m', 'Mega Scizor', 0),
(231, '213', 'Shuckle', 1),
(232, '214', 'Heracross', 1),
(233, '214_m', 'Mega Heracross', 0),
(234, '215', 'Sneasel', 1),
(235, '216', 'Teddiursa', 1),
(236, '217', 'Ursaring', 0),
(237, '218', 'Slugma', 1),
(238, '219', 'Magcargo', 0),
(239, '220', 'Swinub', 1),
(240, '221', 'Piloswine', 0),
(241, '222', 'Corsola', 1),
(242, '223', 'Remoraid', 1),
(243, '224', 'Octillery', 0),
(244, '225', 'Delibird', 0),
(245, '226', 'Mantine', 0),
(246, '227', 'Skarmory', 1),
(247, '228', 'Houndour', 1),
(248, '229', 'Houndoom', 0),
(249, '229_m', 'Mega Houndoom', 0),
(250, '230', 'Kingdra', 0),
(251, '231', 'Phanpy', 1),
(252, '232', 'Donphan', 0),
(253, '233', 'Porygon2', 0),
(254, '234', 'Stantler', 1),
(255, '235', 'Smeargle', 0),
(256, '236', 'Tyrogue', 0),
(257, '237', 'Hitmontop', 1),
(258, '238', 'Smoochum', 0),
(259, '239', 'Elekid', 0),
(260, '240', 'Magby', 0),
(261, '241', 'Miltank', 1),
(262, '242', 'Blissey', 0),
(263, '243', 'Raikou', 0),
(264, '244', 'Entei', 0),
(265, '245', 'Suicune', 0),
(266, '246', 'Larvitar', 0),
(267, '247', 'Pupitar', 0),
(268, '248', 'Tyranitar', 0),
(269, '248_m', 'Mega Tyranitar', 0),
(270, '249', 'Lugia', 0),
(271, '250', 'Ho-Oh', 0),
(272, '251', 'Celebi', 0),
(273, '252', 'Treecko', 1),
(274, '253', 'Grovyle', 0),
(275, '254', 'Sceptile', 0),
(276, '254_m', 'Mega Sceptile', 0),
(277, '255', 'Torchic', 1),
(278, '256', 'Combusken', 0),
(279, '257', 'Blaziken', 0),
(280, '257_m', 'Mega Blaziken', 0),
(281, '258', 'Mudkip', 1),
(282, '259', 'Marshtomp', 0),
(283, '260', 'Swampert', 0),
(284, '260_m', 'Mega Swampert', 0),
(285, '261', 'Poochyena', 1),
(286, '262', 'Mightyena', 0),
(287, '263', 'Zigzagoon', 1),
(288, '264', 'Linoone', 0),
(289, '265', 'Wurmple', 1),
(290, '266', 'Silcoon', 0),
(291, '267', 'Beautifly', 0),
(292, '268', 'Cascoon', 0),
(293, '269', 'Dustox', 0),
(294, '270', 'Lotad', 1),
(295, '271', 'Lombre', 0),
(296, '272', 'Ludicolo', 0),
(297, '273', 'Seedot', 1),
(298, '274', 'Nuzleaf', 0),
(299, '275', 'Shiftry', 0),
(300, '276', 'Taillow', 1),
(301, '277', 'Swellow', 0),
(302, '278', 'Wingull', 1),
(303, '279', 'Pelipper', 0),
(304, '280', 'Ralts', 1),
(305, '281', 'Kirlia', 0),
(306, '282', 'Gardevoir', 0),
(307, '282_m', 'Mega Gardevoir', 0),
(308, '283', 'Surskit', 1),
(309, '284', 'Masquerain', 0),
(310, '285', 'Shroomish', 1),
(311, '286', 'Breloom', 0),
(312, '287', 'Slakoth', 0),
(313, '288', 'Vigoroth', 0),
(314, '289', 'Slaking', 0),
(315, '290', 'Nincada', 1),
(316, '291', 'Ninjask', 0),
(317, '292', 'Shedinja', 0),
(318, '293', 'Whismur', 1),
(319, '294', 'Loudred', 0),
(320, '295', 'Exploud', 0),
(321, '296', 'Makuhita', 1),
(322, '297', 'Hariyama', 0),
(323, '298', 'Azurill', 0),
(324, '299', 'Nosepass', 1),
(325, '300', 'Skitty', 1),
(326, '301', 'Delcatty', 0),
(327, '302', 'Sableye', 1),
(328, '302_m', 'Mega Sableye', 0),
(329, '303', 'Mawile', 1),
(330, '303_m', 'Mega Mawile', 0),
(331, '304', 'Aron', 1),
(332, '305', 'Lairon', 0),
(333, '306', 'Aggron', 0),
(334, '306_m', 'Mega Aggron', 0),
(335, '307', 'Meditite', 1),
(336, '308', 'Medicham', 0),
(337, '308_m', 'Mega Medicham', 0),
(338, '309', 'Electrike', 1),
(339, '310', 'Manectric', 0),
(340, '310_m', 'Mega Manectric', 0),
(341, '311', 'Plusle', 1),
(342, '312', 'Minun', 1),
(343, '313', 'Volbeat', 1),
(344, '314', 'Illumise', 1),
(345, '315', 'Roselia', 1),
(346, '316', 'Gulpin', 1),
(347, '317', 'Swalot', 0),
(348, '318', 'Carvanha', 1),
(349, '319', 'Sharpedo', 0),
(350, '319_m', 'Mega Sharpedo', 0),
(351, '320', 'Wailmer', 1),
(352, '321', 'Wailord', 0),
(353, '322', 'Numel', 1),
(354, '323', 'Camerupt', 0),
(355, '323_m', 'Mega Camerupt', 0),
(356, '324', 'Torkoal', 1),
(357, '325', 'Spoink', 1),
(358, '326', 'Grumpig', 0),
(359, '327', 'Spinda', 1),
(360, '328', 'Trapinch', 1),
(361, '329', 'Vibrava', 0),
(362, '330', 'Flygon', 0),
(363, '331', 'Cacnea', 1),
(364, '332', 'Cacturne', 0),
(365, '333', 'Swablu', 1),
(366, '334', 'Altaria', 0),
(367, '334_m', 'Mega Altaria', 0),
(368, '335', 'Zangoose', 1),
(369, '336', 'Seviper', 1),
(370, '337', 'Lunatone', 1),
(371, '338', 'Solrock', 1),
(372, '339', 'Barboach', 1),
(373, '340', 'Whiscash', 0),
(374, '341', 'Corphish', 1),
(375, '342', 'Crawdaunt', 0),
(376, '343', 'Baltoy', 1),
(377, '344', 'Claydol', 0),
(378, '345', 'Lileep', 0),
(379, '346', 'Cradily', 0),
(380, '347', 'Anorith', 0),
(381, '348', 'Armaldo', 0),
(382, '349', 'Feebas', 1),
(383, '350', 'Milotic', 0),
(384, '351', 'Castform', 0),
(385, '352', 'Kecleon', 1),
(386, '353', 'Shuppet', 1),
(387, '354', 'Banette', 0),
(388, '354_m', 'Mega Banette', 0),
(389, '355', 'Duskull', 1),
(390, '356', 'Dusclops', 0),
(391, '357', 'Tropius', 1),
(392, '358', 'Chimecho', 1),
(393, '359', 'Absol', 1),
(394, '359_m', 'Mega Absol', 0),
(395, '360', 'Wynaut', 0),
(396, '361', 'Snorunt', 1),
(397, '362', 'Glalie', 0),
(398, '362', 'Mega Glalie', 0),
(399, '363', 'Spheal', 1),
(400, '364', 'Sealeo', 0),
(401, '365', 'Walrein', 0),
(402, '366', 'Clamperl', 1),
(403, '367', 'Huntail', 0),
(404, '368', 'Gorebyss', 0),
(405, '369', 'Relicanth', 1),
(406, '370', 'Luvdisc', 1),
(407, '371', 'Bagon', 0),
(408, '372', 'Shelgon', 0),
(409, '373', 'Salamence', 0),
(410, '373_m', 'Mega Salamence', 0),
(411, '374', 'Beldum', 0),
(412, '375', 'Metang', 0),
(413, '376', 'Metagross', 0),
(414, '376_m', 'Mega Metagross', 0),
(415, '377', 'Regirock', 0),
(416, '378', 'Regice', 0),
(417, '379', 'Registeel', 0),
(418, '380', 'Latias', 0),
(419, '380_m', 'Mega Latias', 0),
(420, '381', 'Latios', 0),
(421, '381_m', 'Mega Latios', 0),
(422, '382', 'Kyogre', 0),
(423, '383', 'Groudon', 0),
(424, '384', 'Rayquaza', 0),
(425, '384_m', 'Mega Rayquaza', 0),
(426, '385', 'Jirachi', 0),
(427, '386', 'Deoxys', 0),
(428, '387', 'Turtwig', 1),
(429, '388', 'Grotle', 0),
(430, '389', 'Torterra', 0),
(431, '390', 'Chimchar', 1),
(432, '391', 'Monferno', 0),
(433, '392', 'Infernape', 0),
(434, '393', 'Piplup', 1),
(435, '394', 'Prinplup', 0),
(436, '395', 'Empoleon', 0),
(437, '396', 'Starly', 1),
(438, '397', 'Staravia', 0),
(439, '398', 'Staraptor', 0),
(440, '399', 'Bidoof', 1),
(441, '400', 'Bibarel', 0),
(442, '401', 'Kricketot', 1),
(443, '402', 'Kricketune', 0),
(444, '403', 'Shinx', 1),
(445, '404', 'Luxio', 0),
(446, '405', 'Luxray', 0),
(447, '406', 'Budew', 0),
(448, '407', 'Roserade', 0),
(449, '408', 'Cranidos', 0),
(450, '409', 'Rampardos', 0),
(451, '410', 'Shieldon', 0),
(452, '411', 'Bastiodon', 0),
(453, '412_a', 'Burmy_grass', 1),
(454, '412_b', 'Burmy_ground', 1),
(455, '412_c', 'Burmy_steel', 1),
(456, '413_a', 'Wormadam_grass', 0),
(457, '413_b', 'Wormadam_ground', 0),
(458, '413_c', 'Wormadam_steel', 0),
(459, '414', 'Mothim', 0),
(460, '415', 'Combee', 1),
(461, '416', 'Vespiquen', 0),
(462, '417', 'Pachirisu', 1),
(463, '418', 'Buizel', 1),
(464, '419', 'Floatzel', 0),
(465, '420', 'Cherubi', 1),
(466, '421_a', 'Cherrim_day', 0),
(467, '421_b', 'Cherrim_night', 0),
(468, '422_a', 'Shellos_pink', 1),
(469, '422_b', 'Shellos_blue', 1),
(470, '423_a', 'Gastrodon_pink', 0),
(471, '423_b', 'Gastrodon_blue', 0),
(472, '424', 'Ambipom', 0),
(473, '425', 'Drifloon', 1),
(474, '426', 'Drifblim', 0),
(475, '427', 'Buneary', 1),
(476, '428', 'Lopunny', 0),
(477, '428_m', 'Mega Lopunny', 0),
(478, '429', 'Mismagius', 0),
(479, '430', 'Honchkrow', 0),
(480, '431', 'Glameow', 1),
(481, '432', 'Purugly', 0),
(482, '433', 'Chingling', 0),
(483, '434', 'Stunky', 1),
(484, '435', 'Skuntank', 0),
(485, '436', 'Bronzor', 1),
(486, '437', 'Bronzong', 0),
(487, '438', 'Bonsly', 0),
(488, '439', 'Mime Jr.', 0),
(489, '440', 'Happiny', 0),
(490, '441', 'Chatot', 1),
(491, '442', 'Spiritomb', 1),
(492, '443', 'Gible', 0),
(493, '444', 'Gabite', 0),
(494, '445', 'Garchomp', 0),
(495, '445_m', 'Mega Garchomp', 0),
(496, '446', 'Munchlax', 0),
(497, '447', 'Riolu', 0),
(498, '448', 'Lucario', 0),
(499, '448_m', 'Mega Lucario', 0),
(500, '449', 'Hippopotas', 1),
(501, '450', 'Hippowdon', 0),
(502, '451', 'Skorupi', 1),
(503, '452', 'Drapion', 0),
(504, '453', 'Croagunk', 1),
(505, '454', 'Toxicroak', 0),
(506, '455', 'Carnivine', 1),
(507, '456', 'Finneon', 1),
(508, '457', 'Lumineon', 0),
(509, '458', 'Mantyke', 0),
(510, '459', 'Snover', 1),
(511, '460', 'Abomasnow', 0),
(512, '460_m', 'Mega Abomasnow', 0),
(513, '461', 'Weavile', 0),
(514, '462', 'Magnezone', 0),
(515, '463', 'Lickilicky', 0),
(516, '464', 'Rhyperior', 0),
(517, '465', 'Tangrowth', 0),
(518, '466', 'Electivire', 0),
(519, '467', 'Magmortar', 0),
(520, '468', 'Togekiss', 0),
(521, '469', 'Yanmega', 0),
(522, '470', 'Leafeon', 0),
(523, '471', 'Glaceon', 0),
(524, '472', 'Gliscor', 0),
(525, '473', 'Mamoswine', 0),
(526, '474', 'Porygon-Z', 0),
(527, '475', 'Gallade', 0),
(528, '475_m', 'Mega Gallade', 0),
(529, '476', 'Probopass', 0),
(530, '477', 'Dusknoir', 0),
(531, '478', 'Froslass', 0),
(532, '479_a', 'Rotom', 0),
(533, '479_b', 'Rotom_fridge', 0),
(534, '479_c', 'Rotom_oven', 0),
(535, '479_d', 'Rotom_mower', 0),
(536, '479_e', 'Rotom_washer', 0),
(537, '479_f', 'Rotom_fan', 0),
(538, '480', 'Uxie', 0),
(539, '481', 'Mesprit', 0),
(540, '482', 'Azelf', 0),
(541, '483', 'Dialga', 0),
(542, '484', 'Palkia', 0),
(543, '485', 'Heatran', 0),
(544, '486', 'Regigigas', 0),
(545, '487', 'Giratina', 0),
(546, '488', 'Cresselia', 0),
(547, '489', 'Phione', 0),
(548, '490', 'Manaphy', 0),
(549, '491', 'Darkrai', 0),
(550, '492', 'Shaymin', 0),
(551, '493', 'Arceus', 0),
(552, '494', 'Victini', 0),
(553, '495', 'Snivy', 1),
(554, '496', 'Servine', 0),
(555, '497', 'Serperior', 0),
(556, '498', 'Tepig', 1),
(557, '499', 'Pignite', 0),
(558, '500', 'Emboar', 0),
(559, '501', 'Oshawott', 1),
(560, '502', 'Dewott', 0),
(561, '503', 'Samurott', 0),
(562, '504', 'Patrat', 1),
(563, '505', 'Watchog', 0),
(564, '506', 'Lillipup', 1),
(565, '507', 'Herdier', 0),
(566, '508', 'Stoutland', 0),
(567, '509', 'Purrloin', 1),
(568, '510', 'Liepard', 0),
(569, '511', 'Pansage', 1),
(570, '512', 'Simisage', 0),
(571, '513', 'Pansear', 1),
(572, '514', 'Simisear', 0),
(573, '515', 'Panpour', 1),
(574, '516', 'Simipour', 0),
(575, '517', 'Munna', 1),
(576, '518', 'Musharna', 0),
(577, '519', 'Pidove', 1),
(578, '520', 'Tranquill', 0),
(579, '521', 'Unfezant', 0),
(580, '522', 'Blitzle', 1),
(581, '523', 'Zebstrika', 0),
(582, '524', 'Roggenrola', 1),
(583, '525', 'Boldore', 0),
(584, '526', 'Gigalith', 0),
(585, '527', 'Woobat', 1),
(586, '528', 'Swoobat', 0),
(587, '529', 'Drilbur', 1),
(588, '530', 'Excadrill', 0),
(589, '531', 'Audino', 1),
(590, '531_m', 'Mega Audino', 0),
(591, '532', 'Timburr', 1),
(592, '533', 'Gurdurr', 0),
(593, '534', 'Conkeldurr', 0),
(594, '535', 'Tympole', 1),
(595, '536', 'Palpitoad', 0),
(596, '537', 'Seismitoad', 0),
(597, '538', 'Throh', 1),
(598, '539', 'Sawk', 1),
(599, '540', 'Sewaddle', 1),
(600, '541', 'Swadloon', 0),
(601, '542', 'Leavanny', 0),
(602, '543', 'Venipede', 1),
(603, '544', 'Whirlipede', 0),
(604, '545', 'Scolipede', 0),
(605, '546', 'Cottonee', 1),
(606, '547', 'Whimsicott', 0),
(607, '548', 'Petilil', 1),
(608, '549', 'Lilligant', 0),
(609, '550', 'Basculin_red', 1),
(610, '550', 'Basculin_blue', 1),
(611, '551', 'Sandile', 1),
(612, '552', 'Krokorok', 0),
(613, '553', 'Krookodile', 0),
(614, '554', 'Darumaka', 0),
(615, '555', 'Darmanitan', 0),
(616, '556', 'Maractus', 1),
(617, '557', 'Dwebble', 1),
(618, '558', 'Crustle', 0),
(619, '559', 'Scraggy', 1),
(620, '560', 'Scrafty', 0),
(621, '561', 'Sigilyph', 1),
(622, '562', 'Yamask', 1),
(623, '563', 'Cofagrigus', 0),
(624, '564', 'Tirtouga', 0),
(625, '565', 'Carracosta', 0),
(626, '566', 'Archen', 0),
(627, '567', 'Archeops', 0),
(628, '568', 'Trubbish', 1),
(629, '569', 'Garbodor', 0),
(630, '570', 'Zorua', 0),
(631, '571', 'Zoroark', 0),
(632, '572', 'Minccino', 1),
(633, '573', 'Cinccino', 0),
(634, '574', 'Gothita', 1),
(635, '575', 'Gothorita', 0),
(636, '576', 'Gothitelle', 0),
(637, '577', 'Solosis', 1),
(638, '578', 'Duosion', 0),
(639, '579', 'Reuniclus', 0),
(640, '580', 'Ducklett', 1),
(641, '581', 'Swanna', 0),
(642, '582', 'Vanillite', 1),
(643, '583', 'Vanillish', 0),
(644, '584', 'Vanilluxe', 0),
(645, '585_a', 'Deerling_spring', 1),
(646, '585_b', 'Deerling_summer', 1),
(647, '585_c', 'Deerling_autumn', 1),
(648, '585_d', 'Deerling_winter', 1),
(649, '586_a', 'Sawsbuck_spring', 0),
(650, '586_b', 'Sawsbuck_summer', 0),
(651, '586_c', 'Sawsbuck_autumn', 0),
(652, '586_d', 'Sawsbuck_winter', 0),
(653, '587', 'Emolga', 1),
(654, '588', 'Karrablast', 1),
(655, '589', 'Escavalier', 0),
(656, '590', 'Foongus', 1),
(657, '591', 'Amoonguss', 0),
(658, '592', 'Frillish_female', 1),
(659, '592', 'Frillish_male', 1),
(660, '593', 'Jellicent_female', 0),
(661, '593', 'Jellicent_male', 0),
(662, '594', 'Alomomola', 1),
(663, '595', 'Joltik', 1),
(664, '596', 'Galvantula', 0),
(665, '597', 'Ferroseed', 1),
(666, '598', 'Ferrothorn', 0),
(667, '599', 'Klink', 1),
(668, '600', 'Klang', 0),
(669, '601', 'Klinklang', 0),
(670, '602', 'Tynamo', 1),
(671, '603', 'Eelektrik', 0),
(672, '604', 'Eelektross', 0),
(673, '605', 'Elgyem', 1),
(674, '606', 'Beheeyem', 0),
(675, '607', 'Litwick', 1),
(676, '608', 'Lampent', 0),
(677, '609', 'Chandelure', 0),
(678, '610', 'Axew', 1),
(679, '611', 'Fraxure', 0),
(680, '612', 'Haxorus', 0),
(681, '613', 'Cubchoo', 1),
(682, '614', 'Beartic', 0),
(683, '615', 'Cryogonal', 1),
(684, '616', 'Shelmet', 1),
(685, '617', 'Accelgor', 0),
(686, '618', 'Stunfisk', 1),
(687, '619', 'Mienfoo', 1),
(688, '620', 'Mienshao', 0),
(689, '621', 'Druddigon', 1),
(690, '622', 'Golett', 1),
(691, '623', 'Golurk', 0),
(692, '624', 'Pawniard', 1),
(693, '625', 'Bisharp', 0),
(694, '626', 'Bouffalant', 1),
(695, '627', 'Rufflet', 1),
(696, '628', 'Braviary', 0),
(697, '629', 'Vullaby', 1),
(698, '630', 'Mandibuzz', 0),
(699, '631', 'Heatmor', 1),
(700, '632', 'Durant', 1),
(701, '633', 'Deino', 0),
(702, '634', 'Zweilous', 0),
(703, '635', 'Hydreigon', 0),
(704, '636', 'Larvesta', 1),
(705, '637', 'Volcarona', 0),
(706, '638', 'Cobalion', 0),
(707, '639', 'Terrakion', 0),
(708, '640', 'Virizion', 0),
(709, '641', 'Tornadus', 0),
(710, '642', 'Thundurus', 0),
(711, '643', 'Reshiram', 0),
(712, '644', 'Zekrom', 0),
(713, '645', 'Landorus', 0),
(714, '646', 'Kyurem', 0),
(715, '647', 'Keldeo', 0),
(716, '648', 'Meloetta', 0),
(717, '649', 'Genesect', 0),
(718, '650', 'Chespin', 1),
(719, '651', 'Quilladin', 0),
(720, '652', 'Chesnaught', 0),
(721, '653', 'Fennekin', 1),
(722, '654', 'Braixen', 0),
(723, '655', 'Delphox', 0),
(724, '656', 'Froakie', 1),
(725, '657', 'Frogadier', 0),
(726, '658', 'Greninja', 0),
(727, '659', 'Bunnelby', 1),
(728, '660', 'Diggersby', 0),
(729, '661', 'Fletchling', 1),
(730, '662', 'Fletchinder', 0),
(731, '663', 'Talonflame', 0),
(732, '664', 'Scatterbug', 1),
(733, '665', 'Spewpa', 0),
(734, '666', 'Vivillon', 0),
(735, '667', 'Litleo', 1),
(736, '668', 'Pyroar', 0),
(737, '669', 'Flabébé', 1),
(738, '670', 'Floette', 0),
(739, '671', 'Florges', 0),
(740, '672', 'Skiddo', 1),
(741, '673', 'Gogoat', 0),
(742, '674', 'Pancham', 1),
(743, '675', 'Pangoro', 0),
(744, '676', 'Furfrou', 1),
(745, '677', 'Espurr', 1),
(746, '678', 'Meowstic', 0),
(747, '679', 'Honedge', 1),
(748, '680', 'Doublade', 0),
(749, '681', 'Aegislash', 0),
(750, '682', 'Spritzee', 1),
(751, '683', 'Aromatisse', 0),
(752, '684', 'Swirlix', 1),
(753, '685', 'Slurpuff', 0),
(754, '686', 'Inkay', 1),
(755, '687', 'Malamar', 0),
(756, '688', 'Binacle', 1),
(757, '689', 'Barbaracle', 0),
(758, '690', 'Skrelp', 1),
(759, '691', 'Dragalge', 0),
(760, '692', 'Clauncher', 1),
(761, '693', 'Clawitzer', 0),
(762, '694', 'Helioptile', 1),
(763, '695', 'Heliolisk', 0),
(764, '696', 'Tyrunt', 0),
(765, '697', 'Tyrantrum', 0),
(766, '698', 'Amaura', 0),
(767, '699', 'Aurorus', 0),
(768, '700', 'Sylveon', 0),
(769, '701', 'Hawlucha', 1),
(770, '702', 'Dedenne', 1),
(771, '703', 'Carbink', 1),
(772, '704', 'Goomy', 0),
(773, '705', 'Sliggoo', 0),
(774, '706', 'Goodra', 0),
(775, '707', 'Klefki', 1),
(776, '708', 'Phantump', 1),
(777, '709', 'Trevenant', 0),
(778, '710_a', 'Pumpkaboo S', 1),
(779, '710_b', 'Pumpkaboo M', 1),
(780, '710_c', 'Pumpkaboo L', 1),
(781, '710_d', 'Pumpkaboo XL', 1),
(782, '711_a', 'Gourgeist S', 0),
(783, '711_b', 'Gourgeist M', 0),
(784, '711_c', 'Gourgeist L', 0),
(785, '711_d', 'Gourgeist XL', 0),
(786, '712', 'Bergmite', 1),
(787, '713', 'Avalugg', 0),
(788, '714', 'Noibat', 0),
(789, '715', 'Noivern', 0),
(790, '716', 'Xerneas', 0),
(791, '717', 'Yveltal', 0),
(792, '718', 'Zygarde', 0),
(793, '719', 'Diancie', 0),
(794, '719_m', 'Mega Diancie', 0),
(795, '720', 'Hoopa', 0),
(796, '721', 'Volcanion', 0),
(797, '2019', 'Alolan Rattata', 1),
(798, '2020', 'Alolan Raticate', 0),
(799, '2026', 'Alolan Raichu', 0),
(800, '2027', 'Alolan Sandshrew', 1),
(801, '2028', 'Alolan Sandslash', 0),
(802, '2037', 'Alolan Vulpix', 1),
(803, '2038', 'Alolan Ninetales', 0),
(804, '2050', 'Alolan Diglett', 1),
(805, '2051', 'Alolan Dugtrio', 0),
(806, '2052', 'Alolan Meowth', 1),
(807, '2053', 'Alolan Persian', 0),
(808, '2074', 'Alolan Geodude', 1),
(809, '2075', 'Alolan Graveler', 0),
(810, '2076', 'Alolan Golem', 0),
(811, '2088', 'Alolan Grimer', 1),
(812, '2089', 'Alolan Muk', 0),
(813, '2103', 'Alolan Exeggutor', 0),
(814, '2105', 'Alolan Marowak', 0),
(815, '722', 'Rowlet', 1),
(816, '723', 'Dartrix', 0),
(817, '724', 'Decidueye', 0),
(818, '725', 'Litten', 1),
(819, '726', 'Torracat', 0),
(820, '727', 'Incineroar', 0),
(821, '728', 'Popplio', 1),
(822, '729', 'Brionne', 0),
(823, '730', 'Primarina', 0),
(824, '731', 'Pikipek', 1),
(825, '732', 'Trumbeak', 0),
(826, '733', 'Toucannon', 0),
(827, '734', 'Yungoos', 1),
(828, '735', 'Gumshoos', 0),
(829, '736', 'Grubbin', 1),
(830, '737', 'Charjabug', 0),
(831, '738', 'Vikavolt', 0),
(832, '739', 'Crabrawler', 1),
(833, '740', 'Crabominable', 0),
(834, '741_a', 'Oricorio_a', 1),
(835, '741_b', 'Oricorio_b', 1),
(836, '741_c', 'Oricorio_c', 1),
(837, '741_d', 'Oricorio_d', 1),
(838, '742', 'Cutiefly', 1),
(839, '743', 'Ribombee', 0),
(840, '744', 'Rockruff', 1),
(841, '745_a', 'Lycanroc_a', 0),
(842, '745_b', 'Lycanroc_b', 0),
(843, '745_c', 'Lycanroc_c', 0),
(844, '746', 'Wishiwashi', 0),
(845, '747', 'Mareanie', 1),
(846, '748', 'Toxapex', 0),
(847, '749', 'Mudbray', 1),
(848, '750', 'Mudsdale', 0),
(849, '751', 'Dewpider', 1),
(850, '752', 'Araquanid', 0),
(851, '753', 'Fomantis', 1),
(852, '754', 'Lurantis', 0),
(853, '755', 'Morelull', 1),
(854, '756', 'Shiinotic', 0),
(855, '757', 'Salandit', 1),
(856, '758', 'Salazzle', 0),
(857, '759', 'Stufful', 1),
(858, '760', 'Bewear', 0),
(859, '761', 'Bounsweet', 1),
(860, '762', 'Steenee', 0),
(861, '763', 'Tsareena', 0),
(862, '764', 'Comfey', 1),
(863, '765', 'Oranguru', 1),
(864, '766', 'Passimian', 1),
(865, '767', 'Wimpod', 1),
(866, '768', 'Golisopod', 0),
(867, '769', 'Sandygast', 1),
(868, '770', 'Palossand', 0),
(869, '771', 'Pyukumuku', 1),
(870, '772', 'Type: Null', 0),
(871, '773', 'Silvally', 0),
(872, '774', 'Minior', 0),
(873, '775', 'Komala', 1),
(874, '776', 'Turtonator', 1),
(875, '777', 'Togedemaru', 1),
(876, '778', 'Mimikyu', 1),
(877, '779', 'Bruxish', 1),
(878, '780', 'Drampa', 1),
(879, '781', 'Dhelmise', 1),
(880, '782', 'Jangmo-o', 0),
(881, '783', 'Hakamo-o', 0),
(882, '784', 'Kommo-o', 0),
(883, '785', 'Tapu Koko', 0),
(884, '786', 'Tapu Lele', 0),
(885, '787', 'Tapu Bulu', 0),
(886, '788', 'Tapu Fini', 0),
(887, '789', 'Cosmog', 0),
(888, '790', 'Cosmoem', 0),
(889, '791', 'Solgaleo', 0),
(890, '792', 'Lunala', 0),
(891, '793', 'Nihilego', 1),
(892, '794', 'Buzzwole', 1),
(893, '795', 'Pheromosa', 1),
(894, '796', 'Xurkitree', 1),
(895, '797', 'Celesteela', 1),
(896, '798', 'Kartana', 1),
(897, '799', 'Guzzlord', 1),
(898, '800', 'Necrozma', 0),
(899, '801', 'Magearna', 0),
(900, '802', 'Marshadow', 0),
(901, '803', 'Poipole', 1),
(902, '804', 'Naganadel', 0),
(903, '805', 'Stakataka', 1),
(904, '806', 'Blacephalon', 1),
(905, '807', 'Zeraora', 0),
(906, '808', 'Meltan', 0),
(907, '809', 'Melmetal', 0);

-- --------------------------------------------------------

--
-- Table structure for table `pokemon_locations`
--

CREATE TABLE `pokemon_locations` (
  `id_pokemonLocation` int NOT NULL,
  `id_pokemon` int DEFAULT NULL,
  `id_wilderness` int DEFAULT NULL,
  `id_region` int DEFAULT NULL
) ENGINE=InnoDB DEFAULT CHARSET=utf8mb4 COLLATE=utf8mb4_0900_ai_ci;

--
-- Dumping data for table `pokemon_locations`
--

INSERT INTO `pokemon_locations` (`id_pokemonLocation`, `id_pokemon`, `id_wilderness`, `id_region`) VALUES
(1, 1, 1, 1),
(2, 2, 1, 1),
(3, 3, 1, 1),
(4, 4, NULL, 1),
(5, 5, 5, 1),
(6, 6, 5, 1),
(7, 7, 5, 1),
(8, 8, NULL, 1),
(9, 9, NULL, 1),
(10, 10, 3, 1),
(11, 11, 3, 1),
(12, 12, 3, 1),
(13, 13, NULL, 1),
(14, 14, 1, 1),
(15, 14, 2, 1),
(16, 15, 1, 1),
(17, 15, 2, 1),
(18, 16, 1, 1),
(19, 16, 2, 1),
(20, 17, 1, 1),
(21, 17, 2, 1),
(22, 18, 1, 1),
(23, 18, 2, 1),
(24, 19, 1, 1),
(25, 19, 2, 1),
(26, 20, NULL, 1),
(27, 21, 2, 1),
(28, 22, 2, 1),
(29, 23, 2, 1),
(30, 24, NULL, 1),
(31, 25, 1, 1),
(32, 26, 1, 1),
(33, 27, 1, 1),
(34, 27, 2, 1),
(35, 28, 1, 1),
(36, 28, 2, 1),
(37, 29, 1, 1),
(38, 29, 2, 1),
(39, 29, 6, 1),
(40, 30, 1, 1),
(41, 30, 2, 1),
(42, 30, 6, 1),
(43, 31, 1, 1),
(44, 31, 2, 1),
(45, 32, 1, 1),
(46, 32, 2, 1),
(47, 33, 1, 1),
(48, 33, 5, 1),
(49, 33, 6, 1),
(50, 34, 1, 1),
(51, 34, 5, 1),
(52, 34, 6, 1),
(53, 35, 1, 1),
(54, 35, 5, 1),
(55, 35, 8, 1),
(56, 36, 1, 1),
(57, 36, 5, 1),
(58, 36, 8, 1),
(59, 37, 1, 1),
(60, 37, 5, 1),
(61, 37, 8, 1),
(62, 38, 1, 1),
(63, 38, 5, 1),
(64, 38, 8, 1),
(65, 39, 1, 1),
(66, 39, 5, 1),
(67, 39, 8, 1),
(68, 40, 1, 1),
(69, 40, 5, 1),
(70, 40, 8, 1),
(71, 41, 5, 1),
(72, 42, 5, 1),
(73, 43, 1, 1),
(74, 44, 1, 1),
(75, 45, 2, 1),
(76, 46, 2, 1),
(77, 47, 6, 1),
(78, 47, 13, 2),
(79, 48, 6, 1),
(80, 48, 13, 2),
(81, 49, 1, 1),
(82, 49, 9, 2),
(83, 50, 1, 1),
(84, 50, 9, 2),
(85, 51, 1, 1),
(86, 52, 2, 1),
(87, 52, 8, 1),
(88, 53, 2, 1),
(89, 53, 8, 1),
(90, 54, 2, 1),
(91, 54, 8, 1),
(92, 55, 2, 1),
(93, 55, 8, 1),
(94, 56, 6, 1),
(95, 57, 6, 1),
(96, 58, 7, 1),
(97, 59, 7, 1),
(98, 60, 3, 1),
(99, 60, 8, 1),
(100, 61, 3, 1),
(101, 61, 8, 1),
(102, 62, 5, 1),
(103, 63, 5, 1),
(104, 64, 1, 1),
(105, 64, 7, 1),
(106, 65, 1, 1),
(107, 66, 3, 1),
(108, 66, 11, 2),
(109, 67, 3, 1),
(110, 67, 11, 2),
(111, 68, 3, 1),
(112, 69, 1, 1),
(113, 69, 7, 1),
(114, 70, 1, 1),
(115, 70, 7, 1),
(116, 71, 7, 1),
(117, 72, NULL, 1),
(118, 73, 5, 1),
(119, 74, 5, 1),
(120, 75, 5, 1),
(121, 76, 2, 1),
(122, 77, 2, 1),
(123, 78, 2, 1),
(124, 79, 4, 1),
(125, 80, 4, 1),
(126, 81, 5, 1),
(127, 81, 6, 1),
(128, 82, 5, 1),
(129, 82, 6, 1),
(130, 83, 6, 1),
(131, 84, 1, 1),
(132, 85, 1, 1),
(133, 86, 3, 1),
(134, 87, 3, 1),
(135, 88, NULL, 1),
(136, 89, 5, 1),
(137, 89, 7, 1),
(138, 89, 24, 4),
(139, 90, 5, 1),
(140, 90, 7, 1),
(141, 90, 24, 4),
(142, 91, 8, 1),
(143, 92, 8, 1),
(144, 93, 8, 1),
(145, 94, 3, 1),
(146, 94, 4, 1),
(147, 95, 3, 1),
(148, 95, 4, 1),
(149, 96, 7, 1),
(150, 97, 7, 1),
(151, 98, 3, 1),
(152, 98, 4, 1),
(153, 99, 3, 1),
(154, 99, 4, 1),
(155, 100, 6, 1),
(156, 101, 6, 1),
(157, 102, 6, 1),
(158, 103, NULL, 1),
(159, 104, 5, 1),
(160, 104, 6, 1),
(161, 104, 12, 2),
(162, 105, 1, 1),
(163, 106, 1, 1),
(164, 107, 3, 1),
(165, 108, 3, 1),
(166, 109, 7, 1),
(167, 110, 7, 1),
(168, 111, 2, 1),
(169, 111, 8, 1),
(170, 112, 2, 1),
(171, 112, 8, 1),
(172, 113, 5, 1),
(173, 114, 5, 1),
(174, 115, 7, 1),
(175, 116, 7, 1),
(176, 117, 1, 1),
(177, 117, 26, 4),
(178, 118, 7, 1),
(179, 119, 7, 1),
(180, 120, 5, 1),
(181, 120, 8, 1),
(182, 120, 24, 4),
(183, 121, 5, 1),
(184, 121, 8, 1),
(185, 121, 24, 4),
(186, 122, 7, 1),
(187, 122, 8, 1),
(188, 123, 1, 1),
(189, 123, 22, 4),
(190, 124, 8, 1),
(191, 125, NULL, 1),
(192, 126, 4, 1),
(193, 126, 11, 2),
(194, 127, 4, 1),
(195, 127, 11, 2),
(196, 128, 4, 1),
(197, 129, 4, 1),
(198, 130, 3, 1),
(199, 130, 4, 1),
(200, 131, 4, 1),
(201, 132, 7, 1),
(202, 133, 8, 1),
(203, 134, 7, 1),
(204, 134, 8, 1),
(205, 135, 8, 1),
(206, 136, 8, 1),
(207, 137, 8, 1),
(208, 138, NULL, 1),
(209, 139, 8, 1),
(210, 140, 4, 1),
(211, 141, 4, 1),
(212, 142, NULL, 1),
(213, 143, 4, 1),
(214, 144, 5, 1),
(215, 145, 1, 1),
(216, 146, 4, 1),
(217, 147, 7, 1),
(218, 148, 5, 1),
(219, 149, 7, 1),
(220, 149, 13, 2),
(221, 150, 3, 1),
(222, 150, 4, 1),
(223, 151, 3, 1),
(224, 151, 4, 1),
(225, 152, 3, 1),
(226, 152, 6, 1),
(227, 153, 3, 1),
(228, 153, 6, 1),
(229, 154, 5, 1),
(230, 155, NULL, 1),
(231, 156, 2, 1),
(232, 157, NULL, 1),
(233, 158, NULL, 1),
(234, 159, NULL, 1),
(235, 160, 6, 1),
(236, 161, 6, 1),
(237, 162, 6, 1),
(238, 163, NULL, 1),
(239, 164, NULL, 1),
(240, 165, NULL, 1),
(241, 166, NULL, 1),
(242, 167, 9, 2),
(243, 168, 9, 2),
(244, 169, 9, 2),
(245, 170, 12, 2),
(246, 171, 12, 2),
(247, 172, 12, 2),
(248, 173, 11, 2),
(249, 174, 11, 2),
(250, 175, 11, 2),
(251, 176, 10, 2),
(252, 176, 14, 2),
(253, 177, 10, 2),
(254, 177, 14, 2),
(255, 178, 10, 2),
(256, 178, 14, 2),
(257, 179, 10, 2),
(258, 179, 14, 2),
(259, 180, 10, 2),
(260, 180, 11, 2),
(261, 181, 10, 2),
(262, 181, 11, 2),
(263, 182, 9, 2),
(264, 182, 10, 2),
(265, 182, 13, 2),
(266, 182, 14, 2),
(267, 183, 9, 2),
(268, 183, 10, 2),
(269, 183, 13, 2),
(270, 183, 14, 2),
(271, 184, 13, 2),
(272, 185, 11, 2),
(273, 186, 11, 2),
(274, 187, NULL, 2),
(275, 188, NULL, 2),
(276, 189, NULL, 2),
(277, 190, NULL, 2),
(278, 191, 14, 2),
(279, 192, 10, 2),
(280, 193, 10, 2),
(281, 194, 9, 2),
(282, 195, 9, 2),
(283, 196, 9, 2),
(284, 197, NULL, 2),
(285, 198, 9, 2),
(286, 199, 11, 2),
(287, 200, 11, 2),
(288, 201, 10, 2),
(289, 202, 11, 2),
(290, 203, 9, 2),
(291, 204, 9, 2),
(292, 205, 9, 2),
(293, 206, 10, 2),
(294, 206, 27, 4),
(295, 207, 9, 2),
(296, 208, 9, 2),
(297, 209, 10, 2),
(298, 209, 9, 2),
(299, 209, 25, 4),
(300, 210, 14, 2),
(301, 211, 14, 2),
(302, 212, 10, 2),
(303, 213, 13, 2),
(304, 214, 10, 2),
(305, 214, 23, 4),
(306, 215, 11, 2),
(307, 216, 13, 2),
(308, 216, 24, 4),
(309, 217, 13, 2),
(310, 218, 10, 2),
(311, 219, 14, 2),
(312, 220, 10, 2),
(313, 220, 14, 2),
(314, 221, 10, 2),
(315, 221, 14, 2),
(316, 222, 9, 2),
(317, 223, 14, 2),
(318, 223, 27, 4),
(319, 224, 12, 2),
(320, 225, NULL, 2),
(321, 226, 13, 2),
(322, 227, 13, 2),
(323, 228, 11, 2),
(324, 229, 14, 2),
(325, 230, NULL, 2),
(326, 231, 11, 2),
(327, 232, 14, 2),
(328, 233, NULL, 2),
(329, 234, 13, 2),
(330, 235, 10, 2),
(331, 235, 14, 2),
(332, 236, 10, 2),
(333, 236, 14, 2),
(334, 237, 12, 2),
(335, 238, 12, 2),
(336, 239, 14, 2),
(337, 239, 26, 4),
(338, 240, 14, 2),
(339, 240, 26, 4),
(340, 241, 11, 2),
(341, 242, 11, 2),
(342, 243, 11, 2),
(343, 244, 14, 2),
(344, 245, 11, 2),
(345, 246, 12, 2),
(346, 247, 12, 2),
(347, 247, 13, 2),
(348, 248, 12, 2),
(349, 248, 13, 2),
(350, 249, NULL, 2),
(351, 250, 11, 2),
(352, 251, 14, 2),
(353, 252, 14, 2),
(354, 253, 13, 2),
(355, 254, 9, 2),
(356, 254, 10, 2),
(357, 255, NULL, 2),
(358, 256, NULL, 2),
(359, 257, 13, 2),
(360, 258, NULL, 2),
(361, 259, NULL, 2),
(362, 260, NULL, 2),
(363, 261, 9, 2),
(364, 262, 9, 2),
(365, 263, NULL, 2),
(366, 264, NULL, 2),
(367, 265, NULL, 2),
(368, 266, 12, 2),
(369, 267, 12, 2),
(370, 268, 12, 2),
(371, 269, NULL, 2),
(372, 270, NULL, 2),
(373, 271, NULL, 2),
(374, 272, NULL, 2),
(375, 273, 15, 3),
(376, 274, 15, 3),
(377, 275, 15, 3),
(378, 276, NULL, 3),
(379, 277, 16, 3),
(380, 278, 16, 3),
(381, 279, 16, 3),
(382, 280, NULL, 3),
(383, 281, 17, 3),
(384, 282, 17, 3),
(385, 283, 17, 3),
(386, 284, NULL, 3),
(387, 285, 20, 3),
(388, 286, 20, 3),
(389, 287, 15, 3),
(390, 287, 19, 3),
(391, 288, 15, 3),
(392, 288, 19, 3),
(393, 289, 18, 3),
(394, 290, 18, 3),
(395, 291, 18, 3),
(396, 292, 18, 3),
(397, 293, 18, 3),
(398, 294, 15, 3),
(399, 295, 15, 3),
(400, 296, 15, 3),
(401, 297, 18, 3),
(402, 298, 18, 3),
(403, 299, 18, 3),
(404, 300, 18, 3),
(405, 301, 18, 3),
(406, 302, 15, 3),
(407, 303, 15, 3),
(408, 304, 20, 3),
(409, 304, 26, 4),
(410, 305, 20, 3),
(411, 305, 26, 4),
(412, 306, 20, 3),
(413, 306, 26, 4),
(414, 307, NULL, 3),
(415, 308, 18, 3),
(416, 309, 18, 3),
(417, 310, 18, 3),
(418, 311, 18, 3),
(419, 312, 19, 3),
(420, 313, 19, 3),
(421, 314, 19, 3),
(422, 315, 18, 3),
(423, 316, 18, 3),
(424, 317, 20, 3),
(425, 318, 15, 3),
(426, 319, 15, 3),
(427, 320, 15, 3),
(428, 321, 19, 3),
(429, 322, 19, 3),
(430, 323, NULL, 3),
(431, 324, 16, 3),
(432, 324, 19, 3),
(433, 324, 24, 4),
(434, 325, 15, 3),
(435, 326, 15, 3),
(436, 327, 20, 3),
(437, 328, NULL, 3),
(438, 329, 19, 3),
(439, 330, NULL, 3),
(440, 331, 16, 3),
(441, 332, 16, 3),
(442, 333, 16, 3),
(443, 334, NULL, 3),
(444, 335, 16, 3),
(445, 336, 16, 3),
(446, 337, NULL, 3),
(447, 338, 19, 3),
(448, 339, 19, 3),
(449, 340, NULL, 3),
(450, 341, 19, 3),
(451, 342, 19, 3),
(452, 343, 15, 3),
(453, 343, 21, 3),
(454, 344, 15, 3),
(455, 344, 21, 3),
(456, 345, 15, 3),
(457, 345, 18, 3),
(458, 345, 22, 4),
(459, 346, 19, 3),
(460, 347, 19, 3),
(461, 348, 17, 3),
(462, 349, 17, 3),
(463, 350, NULL, 3),
(464, 351, 17, 3),
(465, 352, 17, 3),
(466, 353, 16, 3),
(467, 354, 16, 3),
(468, 355, NULL, 3),
(469, 356, 16, 3),
(470, 357, 20, 3),
(471, 358, 20, 3),
(472, 359, 19, 3),
(473, 359, 21, 3),
(474, 360, 16, 3),
(475, 361, 16, 3),
(476, 362, 16, 3),
(477, 363, 16, 3),
(478, 364, 16, 3),
(479, 365, 21, 3),
(480, 366, 21, 3),
(481, 367, NULL, 3),
(482, 368, 19, 3),
(483, 368, 21, 3),
(484, 369, 19, 3),
(485, 369, 21, 3),
(486, 370, 21, 3),
(487, 371, 21, 3),
(488, 372, 17, 3),
(489, 373, 17, 3),
(490, 374, 17, 3),
(491, 375, 17, 3),
(492, 376, 16, 3),
(493, 377, 16, 3),
(494, 378, 17, 3),
(495, 379, 17, 3),
(496, 380, 16, 3),
(497, 381, 16, 3),
(498, 382, 17, 3),
(499, 383, 17, 3),
(500, 384, NULL, 3),
(501, 385, 18, 3),
(502, 386, 20, 3),
(503, 387, 20, 3),
(504, 388, NULL, 3),
(505, 389, 20, 3),
(506, 390, 20, 3),
(507, 391, 18, 3),
(508, 392, 20, 3),
(509, 393, 21, 3),
(510, 394, NULL, 3),
(511, 395, NULL, 3),
(512, 396, 21, 3),
(513, 396, 26, 4),
(514, 397, 21, 3),
(515, 398, NULL, 3),
(516, 399, 17, 3),
(517, 400, 17, 3),
(518, 401, 17, 3),
(519, 402, 17, 3),
(520, 403, 17, 3),
(521, 404, 17, 3),
(522, 405, 17, 3),
(523, 406, 17, 3),
(524, 407, 21, 3),
(525, 408, 21, 3),
(526, 409, 21, 3),
(527, 410, NULL, 3),
(528, 411, 21, 3),
(529, 412, 21, 3),
(530, 413, 21, 3),
(531, 414, NULL, 3),
(532, 415, NULL, 3),
(533, 416, NULL, 3),
(534, 417, NULL, 3),
(535, 418, NULL, 3),
(536, 419, NULL, 3),
(537, 420, NULL, 3),
(538, 421, NULL, 3),
(539, 422, NULL, 3),
(540, 423, NULL, 3),
(541, 424, NULL, 3),
(542, 425, NULL, 3),
(543, 426, NULL, 3),
(544, 427, NULL, 3),
(545, 428, 22, 4),
(546, 429, 22, 4),
(547, 430, 22, 4),
(548, 431, 24, 4),
(549, 432, 24, 4),
(550, 433, 24, 4),
(551, 434, 25, 4),
(552, 435, 25, 4),
(553, 436, 25, 4),
(554, 437, 22, 4),
(555, 437, 23, 4),
(556, 437, 27, 4),
(557, 438, 22, 4),
(558, 438, 23, 4),
(559, 438, 27, 4),
(560, 439, 22, 4),
(561, 439, 23, 4),
(562, 439, 27, 4),
(563, 440, 25, 4),
(564, 440, 27, 4),
(565, 441, 25, 4),
(566, 441, 27, 4),
(567, 442, 22, 4),
(568, 443, 22, 4),
(569, 444, 23, 4),
(570, 445, 23, 4),
(571, 446, 23, 4),
(572, 447, NULL, 4),
(573, 448, 22, 4),
(574, 449, 27, 4),
(575, 450, 27, 4),
(576, 451, 27, 4),
(577, 452, 27, 4),
(578, 453, 22, 4),
(579, 454, 24, 4),
(580, 455, 23, 4),
(581, 456, 22, 4),
(582, 457, 24, 4),
(583, 458, 23, 4),
(584, 459, 22, 4),
(585, 459, 23, 4),
(586, 459, 24, 4),
(587, 460, 22, 4),
(588, 461, 22, 4),
(589, 462, 23, 4),
(590, 463, 25, 4),
(591, 464, 25, 4),
(592, 465, 22, 4),
(593, 466, 22, 4),
(594, 467, 22, 4),
(595, 468, 23, 4),
(596, 469, 25, 4),
(597, 470, 23, 4),
(598, 471, 25, 4),
(599, 472, 10, 2),
(600, 472, 27, 4),
(601, 473, 23, 4),
(602, 474, 23, 4),
(603, 475, 26, 4),
(604, 476, 26, 4),
(605, 477, NULL, 4),
(606, 478, 24, 4),
(607, 479, 23, 4),
(608, 480, 24, 4),
(609, 481, 24, 4),
(610, 482, NULL, 4),
(611, 483, 27, 4),
(612, 484, 27, 4),
(613, 485, 24, 4),
(614, 486, 24, 4),
(615, 487, NULL, 4),
(616, 488, NULL, 4),
(617, 489, NULL, 4),
(618, 490, 23, 4),
(619, 491, 26, 4),
(620, 492, 24, 4),
(621, 493, 24, 4),
(622, 494, 24, 4),
(623, 495, NULL, 4),
(624, 496, NULL, 4),
(625, 497, NULL, 4),
(626, 498, 25, 4),
(627, 499, NULL, 4),
(628, 500, 24, 4),
(629, 501, 24, 4),
(630, 502, 27, 4),
(631, 503, 27, 4),
(632, 504, 27, 4),
(633, 505, 27, 4),
(634, 506, 27, 4),
(635, 507, 25, 4),
(636, 508, 25, 4),
(637, 509, NULL, 4),
(638, 510, 26, 4),
(639, 511, 26, 4),
(640, 512, NULL, 4),
(641, 513, 26, 4),
(642, 514, 24, 4),
(643, 515, 26, 4),
(644, 515, 1, 1),
(645, 516, 24, 4),
(646, 517, 22, 4),
(647, 517, 22, 4),
(648, 518, 23, 4),
(649, 519, 24, 4),
(650, 520, 23, 4),
(651, 521, 25, 4),
(652, 521, 11, 2),
(653, 521, 10, 2),
(654, 522, 22, 4),
(655, 523, 26, 4),
(656, 524, 27, 4),
(657, 525, 26, 4),
(658, 525, 14, 2),
(659, 526, 26, 4),
(660, 527, 26, 4),
(661, 528, NULL, 4),
(662, 529, 24, 4),
(663, 530, 27, 4),
(664, 531, 26, 4),
(665, 532, NULL, 4),
(666, 533, NULL, 4),
(667, 534, NULL, 4),
(668, 535, NULL, 4),
(669, 536, NULL, 4),
(670, 537, NULL, 4),
(671, 538, NULL, 4),
(672, 539, NULL, 4),
(673, 540, NULL, 4),
(674, 541, NULL, 4),
(675, 542, NULL, 4),
(676, 543, NULL, 4),
(677, 544, NULL, 4),
(678, 545, NULL, 4),
(679, 546, NULL, 4),
(680, 547, NULL, 4),
(681, 548, NULL, 4),
(682, 549, NULL, 4),
(683, 550, NULL, 4),
(684, 551, NULL, 4),
(685, 552, NULL, 5),
(686, 553, 28, 5),
(687, 554, 28, 5),
(688, 555, 28, 5),
(689, 556, 32, 5),
(690, 557, 32, 5),
(691, 558, 32, 5),
(692, 559, 31, 5),
(693, 560, 31, 5),
(694, 561, 31, 5),
(695, 562, 28, 5),
(696, 562, 30, 5),
(697, 562, 35, 5),
(698, 563, 28, 5),
(699, 563, 30, 5),
(700, 563, 35, 5),
(701, 564, 28, 5),
(702, 564, 33, 5),
(703, 565, 28, 5),
(704, 565, 33, 5),
(705, 566, 28, 5),
(706, 566, 33, 5),
(707, 567, 33, 5),
(708, 567, 35, 5),
(709, 568, 33, 5),
(710, 568, 35, 5),
(711, 569, 28, 5),
(712, 570, 28, 5),
(713, 571, 30, 5),
(714, 572, 30, 5),
(715, 573, 29, 5),
(716, 574, 29, 5),
(717, 575, 30, 5),
(718, 576, 30, 5),
(719, 577, 28, 5),
(720, 577, 30, 5),
(721, 578, 28, 5),
(722, 578, 30, 5),
(723, 579, 28, 5),
(724, 579, 30, 5),
(725, 580, 34, 5),
(726, 581, 34, 5),
(727, 582, 34, 5),
(728, 583, 34, 5),
(729, 584, 34, 5),
(730, 585, 34, 5),
(731, 586, 34, 5),
(732, 587, 34, 5),
(733, 588, 34, 5),
(734, 589, 28, 5),
(735, 589, 33, 5),
(736, 590, NULL, 5),
(737, 591, 32, 5),
(738, 592, 32, 5),
(739, 593, 32, 5),
(740, 594, 31, 5),
(741, 595, 31, 5),
(742, 596, 31, 5),
(743, 597, 32, 5),
(744, 598, 32, 5),
(745, 599, 28, 5),
(746, 600, 28, 5),
(747, 601, 28, 5),
(748, 602, 32, 5),
(749, 603, 32, 5),
(750, 604, 32, 5),
(751, 605, 28, 5),
(752, 606, 28, 5),
(753, 607, 28, 5),
(754, 608, 28, 5),
(755, 609, 31, 5),
(756, 610, 33, 5),
(757, 611, 35, 5),
(758, 612, 35, 5),
(759, 613, 35, 5),
(760, 614, NULL, 5),
(761, 615, NULL, 5),
(762, 616, 35, 5),
(763, 617, 29, 5),
(764, 618, 29, 5),
(765, 619, 32, 5),
(766, 620, 32, 5),
(767, 621, 35, 5),
(768, 622, 35, 5),
(769, 623, 35, 5),
(770, 624, 31, 5),
(771, 625, 31, 5),
(772, 626, 33, 5),
(773, 627, 33, 5),
(774, 628, 32, 5),
(775, 629, 32, 5),
(776, 630, NULL, 5),
(777, 631, 32, 5),
(778, 632, 33, 5),
(779, 633, 33, 5),
(780, 634, 30, 5),
(781, 635, 30, 5),
(782, 636, 30, 5),
(783, 637, 29, 5),
(784, 638, 29, 5),
(785, 639, 29, 5),
(786, 640, 29, 5),
(787, 641, 29, 5),
(788, 642, 29, 5),
(789, 643, 29, 5),
(790, 644, 29, 5),
(791, 645, 28, 5),
(792, 646, 30, 5),
(793, 647, 33, 5),
(794, 648, 29, 5),
(795, 649, 28, 5),
(796, 650, 30, 5),
(797, 651, 33, 5),
(798, 652, 29, 5),
(799, 653, 33, 5),
(800, 654, 29, 5),
(801, 655, 29, 5),
(802, 656, 33, 5),
(803, 657, 33, 5),
(804, 658, 31, 5),
(805, 659, 31, 5),
(806, 660, 31, 5),
(807, 661, 31, 5),
(808, 662, 31, 5),
(809, 663, 34, 5),
(810, 664, 34, 5),
(811, 665, 34, 5),
(812, 666, 34, 5),
(813, 667, 34, 5),
(814, 668, 34, 5),
(815, 669, 34, 5),
(816, 670, 34, 5),
(817, 669, 34, 5),
(818, 670, 34, 5),
(819, 671, 30, 5),
(820, 672, 30, 5),
(821, 673, 30, 5),
(822, 674, 30, 5),
(823, 675, 30, 5),
(824, 676, 30, 5),
(825, 677, 30, 5),
(826, 678, 30, 5),
(827, 679, 29, 5),
(828, 680, 29, 5),
(829, 681, 29, 5),
(830, 682, 28, 5),
(831, 683, 28, 5),
(832, 684, 32, 5),
(833, 685, 32, 5),
(834, 686, 32, 5),
(835, 687, 29, 5),
(836, 688, 29, 5),
(837, 688, 35, 5),
(838, 689, 29, 5),
(839, 689, 35, 5),
(840, 690, 32, 5),
(841, 691, 32, 5),
(842, 692, 33, 5),
(843, 693, 33, 5),
(844, 694, 33, 5),
(845, 695, 33, 5),
(846, 696, 33, 5),
(847, 697, 32, 5),
(848, 698, 32, 5),
(849, 699, 35, 5),
(850, 700, 35, 5),
(851, 701, 35, 5),
(852, 702, 35, 5),
(853, 703, 35, 5),
(854, 704, NULL, 5),
(855, 705, NULL, 5),
(856, 706, NULL, 5),
(857, 707, NULL, 5),
(858, 708, NULL, 5),
(859, 709, NULL, 5),
(860, 710, NULL, 5),
(861, 711, NULL, 5),
(862, 712, NULL, 5),
(863, 713, NULL, 5),
(864, 714, NULL, 5),
(865, 715, NULL, 5),
(866, 716, 38, 6),
(867, 717, 38, 6),
(868, 718, 38, 6),
(869, 719, 36, 6),
(870, 720, 36, 6),
(871, 721, 36, 6),
(872, 722, 37, 6),
(873, 723, 37, 6),
(874, 724, 37, 6),
(875, 725, 36, 6),
(876, 725, 37, 6),
(877, 726, 36, 6),
(878, 726, 37, 6),
(879, 727, 36, 6),
(880, 727, 41, 6),
(881, 728, 36, 6),
(882, 728, 41, 6),
(883, 729, 36, 6),
(884, 729, 41, 6),
(885, 730, 38, 6),
(886, 731, 38, 6),
(887, 732, 36, 6),
(888, 732, 37, 6),
(889, 732, 38, 6),
(890, 732, 39, 6),
(891, 732, 40, 6),
(892, 732, 41, 6),
(893, 733, 41, 6),
(894, 734, 41, 6),
(895, 735, 36, 6),
(896, 736, 36, 6),
(897, 737, 36, 6),
(898, 738, 41, 6),
(899, 739, 41, 6),
(900, 740, 38, 6),
(901, 740, 40, 6),
(902, 741, 38, 6),
(903, 741, 40, 6),
(904, 742, 41, 6),
(905, 743, 39, 6),
(906, 744, 39, 6),
(907, 745, 38, 6),
(908, 745, 39, 6),
(909, 746, 38, 6),
(910, 746, 39, 6),
(911, 747, 38, 6),
(912, 747, 39, 6),
(913, 748, 36, 6),
(914, 749, 36, 6),
(915, 750, 36, 6),
(916, 751, 36, 6),
(917, 752, 38, 6),
(918, 752, 39, 6),
(919, 753, 38, 6),
(920, 753, 39, 6),
(921, 754, 37, 6),
(922, 754, 39, 6),
(923, 755, 37, 6),
(924, 755, 39, 6),
(925, 756, 37, 6),
(926, 757, 37, 6),
(927, 758, 37, 6),
(928, 759, 37, 6),
(929, 760, 41, 6),
(930, 761, 41, 6),
(931, 762, 39, 6),
(932, 763, 39, 6),
(933, 764, 39, 6),
(934, 765, 39, 6),
(935, 766, 36, 6),
(936, 767, 40, 6),
(937, 768, 36, 6),
(938, 768, 39, 6),
(939, 769, 39, 6),
(940, 770, 37, 6),
(941, 771, 37, 6),
(942, 772, 37, 6),
(943, 773, 41, 6),
(944, 774, 38, 6),
(945, 775, 38, 6),
(946, 776, 38, 6),
(947, 777, 38, 6),
(948, 778, 38, 6),
(949, 779, 38, 6),
(950, 780, 38, 6),
(951, 781, 38, 6),
(952, 782, 38, 6),
(953, 783, 38, 6),
(954, 784, 40, 6),
(955, 785, 40, 6),
(956, 786, 39, 6),
(957, 787, 39, 6),
(958, 788, NULL, 6),
(959, 789, NULL, 6),
(960, 790, NULL, 6),
(961, 791, NULL, 6),
(962, 793, NULL, 6),
(963, 794, NULL, 6),
(964, 795, 47, 7),
(965, 796, 47, 7),
(966, 797, 44, 7),
(967, 798, 47, 7),
(968, 799, 47, 7),
(969, 800, 47, 7),
(970, 801, 47, 7),
(971, 802, 47, 7),
(972, 803, 47, 7),
(973, 804, 45, 7),
(974, 805, 45, 7),
(975, 806, 46, 7),
(976, 807, 46, 7),
(977, 808, 46, 7),
(978, 809, 45, 7),
(979, 810, 45, 7),
(980, 811, 43, 7),
(981, 812, 45, 7),
(982, 813, 43, 7),
(983, 814, 43, 7),
(984, 815, 43, 7),
(985, 816, 45, 7),
(986, 817, 45, 7),
(987, 818, 45, 7),
(988, 819, 44, 7),
(989, 820, 44, 7),
(990, 821, 44, 7),
(991, 822, 42, 7),
(992, 823, 42, 7),
(993, 824, 42, 7),
(994, 825, 42, 7),
(995, 826, 42, 7),
(996, 827, 46, 7),
(997, 828, 46, 7),
(998, 829, 46, 7),
(999, 830, 47, 7),
(1000, 831, 47, 7),
(1001, 832, 43, 7),
(1002, 833, 43, 7),
(1003, 834, 43, 7),
(1004, 835, 43, 7),
(1005, 836, 43, 7),
(1006, 837, 43, 7),
(1007, 838, 46, 7),
(1008, 839, 46, 7),
(1009, 840, 46, 7),
(1010, 841, 46, 7),
(1011, 842, 42, 7),
(1012, 843, 44, 7),
(1013, 844, 44, 7),
(1014, 845, 46, 7),
(1015, 846, 46, 7),
(1016, 847, 42, 7),
(1017, 848, 42, 7),
(1018, 849, 42, 7),
(1019, 850, 42, 7),
(1020, 851, 42, 7),
(1021, 852, 42, 7),
(1022, 853, 45, 7),
(1023, 854, 45, 7),
(1024, 855, 47, 7),
(1025, 856, 47, 7),
(1026, 857, 43, 7),
(1027, 858, 43, 7),
(1028, 859, 43, 7),
(1029, 860, 43, 7),
(1030, 861, 43, 7),
(1031, 862, 43, 7),
(1032, 863, 44, 7),
(1033, 864, 44, 7),
(1034, 865, 44, 7),
(1035, 866, 44, 7),
(1036, 867, 44, 7),
(1037, 868, NULL, 7),
(1038, 869, NULL, 7),
(1039, 870, NULL, 7),
(1040, 871, 42, 7),
(1041, 872, 45, 7),
(1042, 873, 46, 7),
(1043, 874, 45, 7),
(1044, 875, 44, 7),
(1045, 876, 47, 7),
(1046, 877, 44, 7),
(1047, 878, 46, 7),
(1048, 879, 46, 7),
(1049, 880, 46, 7),
(1050, 881, NULL, 7),
(1051, 882, NULL, 7),
(1052, 883, NULL, 7),
(1053, 884, NULL, 7),
(1054, 885, NULL, 7),
(1055, 886, NULL, 7),
(1056, 887, NULL, 7),
(1057, 888, NULL, 7),
(1058, 889, 44, 7),
(1059, 890, 43, 7),
(1060, 891, 46, 7),
(1061, 892, 43, 7),
(1062, 893, 46, 7),
(1063, 894, 42, 7),
(1064, 895, 45, 7),
(1065, 896, NULL, 7),
(1066, 897, NULL, 7),
(1067, 898, NULL, 7),
(1068, 899, 47, 7),
(1069, 900, 47, 7),
(1070, 901, 47, 7),
(1071, 902, 45, 7),
(1072, 903, NULL, 7),
(1073, 904, NULL, 7),
(1074, 905, NULL, 7);

-- --------------------------------------------------------

--
-- Table structure for table `prices`
--

CREATE TABLE `prices` (
  `id_price` int NOT NULL,
  `price_value_PZ` int NOT NULL
) ENGINE=InnoDB DEFAULT CHARSET=utf8mb4 COLLATE=utf8mb4_0900_ai_ci;

--
-- Dumping data for table `prices`
--

INSERT INTO `prices` (`id_price`, `price_value_PZ`) VALUES
(1, 50),
(2, 150),
(3, 250),
(4, 1000),
(5, 1250),
(6, 5000);

-- --------------------------------------------------------

--
-- Table structure for table `regions`
--

CREATE TABLE `regions` (
  `id_region` int NOT NULL,
  `region_name` char(20) NOT NULL
) ENGINE=InnoDB DEFAULT CHARSET=utf8mb4 COLLATE=utf8mb4_0900_ai_ci;

--
-- Dumping data for table `regions`
--

INSERT INTO `regions` (`id_region`, `region_name`) VALUES
(1, 'Kanto'),
(2, 'Johto'),
(3, 'Hoenn'),
(4, 'Sinnoh'),
(5, 'Unova'),
(6, 'Kalos'),
(7, 'Alola');

-- --------------------------------------------------------

--
-- Table structure for table `shiny_Locations`
--

CREATE TABLE `shiny_Locations` (
  `id_shLocations` int NOT NULL,
  `id_shPokemon` int DEFAULT NULL,
  `id_wilderness` int DEFAULT NULL
) ENGINE=InnoDB DEFAULT CHARSET=utf8mb4 COLLATE=utf8mb4_0900_ai_ci;

--
-- Dumping data for table `shiny_Locations`
--

INSERT INTO `shiny_Locations` (`id_shLocations`, `id_shPokemon`, `id_wilderness`) VALUES
(1, 1, 1),
(2, 5, 5),
(3, 10, 3),
(4, 14, 2),
(5, 17, 2),
(6, 21, 2),
(7, 25, 1),
(8, 27, 1),
(9, 29, 1),
(10, 31, 2),
(11, 33, 6),
(12, 35, 1),
(13, 38, 1),
(14, 43, 1),
(15, 47, 6),
(16, 49, 1),
(17, 52, 2),
(18, 54, 2),
(19, 56, 6),
(20, 58, 7),
(21, 60, 3),
(22, 62, 5),
(23, 64, 1),
(24, 66, 3),
(25, 69, 7),
(26, 73, 5),
(27, 76, 2),
(28, 79, 4),
(29, 81, 5),
(30, 84, 1),
(31, 86, 3),
(32, 89, 7),
(33, 91, 4),
(34, 92, 1),
(35, 94, 4),
(36, 96, 7),
(37, 98, 4),
(38, 100, 6),
(39, 104, 6),
(40, 105, 1),
(41, 107, 3),
(42, 109, 7),
(43, 111, 2),
(44, 113, 5),
(45, 115, 7),
(46, 116, 7),
(47, 117, 1),
(48, 118, 7),
(49, 120, 5),
(51, 123, 1),
(52, 124, 1),
(53, 126, 4),
(54, 128, 4),
(55, 130, 4),
(56, 132, 7),
(57, 133, 2),
(58, 134, 7),
(59, 135, 7),
(60, 136, 6),
(61, 137, 5),
(62, 139, 1),
(63, 140, 4),
(64, 143, 4),
(65, 149, 7),
(66, 167, 9),
(67, 170, 12),
(68, 173, 11),
(69, 176, 10),
(70, 178, 10),
(71, 180, 10),
(72, 182, 10),
(73, 185, 11),
(74, 192, 10),
(75, 194, 9),
(76, 199, 11),
(77, 201, 10),
(78, 203, 9),
(79, 206, 10),
(80, 207, 9),
(81, 209, 11),
(82, 210, 11),
(83, 214, 10),
(84, 216, 13),
(85, 219, 9),
(86, 220, 10),
(87, 222, 9),
(88, 223, 13),
(89, 226, 13),
(90, 228, 11),
(91, 231, 11),
(92, 232, 9),
(93, 234, 13),
(94, 235, 10),
(95, 237, 12),
(96, 239, 9),
(97, 241, 11),
(98, 242, 11),
(99, 246, 12),
(100, 247, 12),
(101, 251, 10),
(102, 254, 10),
(103, 257, 13),
(104, 261, 9),
(105, 273, 15),
(106, 277, 16),
(107, 281, 17),
(108, 285, 20),
(109, 287, 19),
(110, 289, 18),
(111, 294, 15),
(112, 297, 18),
(113, 300, 15),
(114, 302, 15),
(115, 304, 20),
(116, 308, 18),
(117, 310, 18),
(118, 315, 18),
(119, 318, 15),
(120, 321, 19),
(121, 324, 16),
(122, 325, 15),
(123, 327, 20),
(124, 329, 19),
(125, 331, 16),
(126, 335, 16),
(127, 338, 19),
(128, 341, 19),
(129, 342, 19),
(130, 343, 15),
(131, 344, 15),
(132, 345, 18),
(133, 346, 19),
(134, 348, 17),
(135, 351, 17),
(136, 353, 16),
(137, 356, 16),
(138, 357, 20),
(139, 359, 19),
(140, 360, 16),
(141, 363, 16),
(142, 365, 18),
(143, 368, 19),
(144, 369, 19),
(145, 370, 16),
(146, 371, 16),
(147, 372, 17),
(148, 374, 17),
(149, 376, 17),
(150, 382, 16),
(151, 385, 18),
(152, 386, 20),
(153, 389, 20),
(154, 391, 18),
(155, 392, 20),
(156, 393, 20),
(157, 396, 20),
(158, 399, 17),
(159, 402, 17),
(160, 405, 17),
(161, 406, 17),
(162, 428, 22),
(163, 431, 24),
(164, 434, 25),
(165, 437, 23),
(166, 440, 25),
(167, 442, 22),
(168, 444, 23),
(169, 453, 22),
(170, 454, 24),
(171, 455, 23),
(172, 460, 22),
(173, 462, 23),
(174, 463, 25),
(175, 465, 22),
(176, 468, 23),
(177, 469, 25),
(178, 473, 23),
(179, 475, 26),
(180, 480, 24),
(181, 483, 26),
(182, 485, 24),
(183, 490, 23),
(184, 491, 26),
(185, 500, 24),
(186, 502, 22),
(187, 504, 25),
(188, 506, 22),
(189, 507, 25),
(190, 510, 26),
(191, 553, 28),
(192, 556, 32),
(193, 559, 31),
(194, 562, 33),
(195, 564, 28),
(196, 567, 33),
(197, 569, 28),
(198, 571, 30),
(199, 573, 29),
(200, 575, 30),
(201, 577, 28),
(202, 580, 34),
(203, 582, 34),
(204, 585, 34),
(205, 587, 34),
(206, 589, 28),
(207, 591, 32),
(208, 594, 31),
(209, 597, 32),
(210, 598, 32),
(211, 599, 28),
(212, 602, 32),
(213, 605, 28),
(214, 607, 28),
(215, 609, 33),
(216, 610, 31),
(217, 611, 32),
(218, 616, 33),
(219, 617, 29),
(220, 619, 32),
(221, 621, 29),
(222, 622, 30),
(223, 628, 32),
(224, 632, 33),
(225, 634, 30),
(226, 637, 29),
(227, 640, 29),
(228, 642, 29),
(229, 645, 28),
(230, 646, 30),
(231, 647, 33),
(232, 648, 29),
(233, 653, 33),
(234, 654, 29),
(235, 656, 33),
(236, 658, 31),
(237, 659, 31),
(238, 662, 31),
(239, 663, 34),
(240, 665, 34),
(241, 667, 34),
(242, 670, 34),
(243, 673, 30),
(244, 675, 30),
(245, 678, 30),
(246, 681, 29),
(247, 683, 29),
(248, 684, 28),
(249, 686, 32),
(250, 687, 32),
(251, 689, 29),
(252, 690, 29),
(253, 692, 32),
(254, 694, 33),
(255, 695, 33),
(256, 697, 33),
(257, 699, 32),
(258, 700, 32),
(259, 704, 32),
(260, 718, 38),
(261, 721, 36),
(262, 724, 37),
(263, 727, 36),
(264, 729, 36),
(265, 732, 38),
(266, 735, 36),
(267, 737, 36),
(268, 740, 38),
(269, 742, 38),
(270, 744, 37),
(271, 745, 39),
(272, 747, 39),
(273, 750, 36),
(274, 752, 36),
(275, 754, 38),
(276, 756, 39),
(277, 758, 37),
(278, 760, 37),
(279, 762, 39),
(280, 769, 40),
(281, 770, 39),
(282, 771, 39),
(283, 775, 40),
(284, 776, 38),
(285, 778, 38),
(286, 779, 38),
(287, 780, 38),
(288, 781, 38),
(289, 786, 40),
(290, 797, 45),
(291, 800, 42),
(292, 802, 42),
(293, 804, 45),
(294, 806, 45),
(295, 808, 45),
(296, 811, 46),
(297, 815, 43),
(298, 818, 45),
(299, 821, 44),
(300, 824, 42),
(301, 827, 42),
(302, 829, 46),
(303, 832, 44),
(304, 834, 43),
(305, 835, 43),
(306, 836, 43),
(307, 837, 43),
(308, 838, 43),
(309, 840, 46),
(310, 845, 44),
(311, 847, 46),
(312, 849, 42),
(313, 851, 42),
(314, 853, 45),
(315, 855, 45),
(316, 857, 42),
(317, 859, 43),
(318, 862, 43),
(319, 863, 43),
(320, 864, 43),
(321, 865, 44),
(322, 867, 44),
(323, 869, 44),
(324, 873, 42),
(325, 874, 45),
(326, 875, 46),
(327, 876, 45),
(328, 877, 44),
(329, 878, 46),
(330, 879, 44),
(331, 891, 44),
(332, 892, 43),
(333, 893, 46),
(334, 894, 43),
(335, 895, 46),
(336, 896, 42),
(337, 897, 45),
(338, 901, 47),
(339, 903, 47),
(340, 904, 45);

-- --------------------------------------------------------

--
-- Table structure for table `shiny_prices`
--

CREATE TABLE `shiny_prices` (
  `id_shPrices` int NOT NULL,
  `id_pokemon` int DEFAULT NULL,
  `id_price` int DEFAULT NULL
) ENGINE=InnoDB DEFAULT CHARSET=utf8mb4 COLLATE=utf8mb4_0900_ai_ci;

--
-- Dumping data for table `shiny_prices`
--

INSERT INTO `shiny_prices` (`id_shPrices`, `id_pokemon`, `id_price`) VALUES
(1, 1, 3),
(2, 5, 3),
(3, 10, 3),
(4, 14, 1),
(5, 17, 1),
(6, 21, 1),
(7, 25, 1),
(8, 27, 1),
(9, 29, 1),
(10, 31, 2),
(11, 33, 2),
(12, 35, 2),
(13, 38, 2),
(14, 43, 3),
(15, 47, 1),
(16, 49, 2),
(17, 52, 1),
(18, 54, 2),
(19, 56, 2),
(20, 58, 1),
(21, 60, 2),
(22, 62, 3),
(23, 64, 3),
(24, 66, 2),
(25, 69, 3),
(26, 73, 3),
(27, 76, 2),
(28, 79, 2),
(29, 81, 2),
(30, 84, 3),
(31, 86, 4),
(32, 89, 4),
(33, 91, 3),
(34, 92, 3),
(35, 94, 3),
(36, 96, 2),
(37, 98, 2),
(38, 100, 2),
(39, 104, 3),
(40, 105, 2),
(41, 107, 2),
(42, 109, 2),
(43, 111, 3),
(44, 113, 3),
(45, 115, 3),
(46, 116, 3),
(47, 117, 3),
(48, 118, 2),
(49, 120, 2),
(50, 123, 3),
(51, 124, 4),
(52, 126, 3),
(53, 128, 1),
(54, 130, 2),
(55, 132, 3),
(56, 133, 6),
(57, 134, 4),
(58, 135, 6),
(59, 136, 6),
(60, 137, 6),
(61, 139, 6),
(62, 140, 4),
(63, 143, 4),
(64, 149, 4),
(65, 167, 3),
(66, 170, 3),
(67, 173, 3),
(68, 176, 1),
(69, 178, 1),
(70, 180, 1),
(71, 182, 1),
(72, 185, 2),
(73, 192, 4),
(74, 194, 2),
(75, 199, 2),
(76, 201, 3),
(77, 203, 2),
(78, 206, 3),
(79, 207, 2),
(80, 209, 2),
(81, 210, 3),
(82, 214, 3),
(83, 216, 3),
(84, 219, 3),
(85, 220, 3),
(86, 222, 3),
(87, 223, 4),
(88, 226, 2),
(89, 228, 3),
(90, 231, 3),
(91, 232, 6),
(92, 234, 3),
(93, 235, 3),
(94, 237, 1),
(95, 239, 4),
(96, 241, 2),
(97, 242, 2),
(98, 246, 6),
(99, 247, 3),
(100, 251, 6),
(101, 254, 3),
(102, 257, 3),
(103, 261, 4),
(104, 273, 3),
(105, 277, 3),
(106, 281, 3),
(107, 285, 1),
(108, 287, 1),
(109, 289, 1),
(110, 294, 2),
(111, 297, 2),
(112, 300, 1),
(113, 302, 1),
(114, 304, 4),
(115, 308, 2),
(116, 310, 3),
(117, 315, 3),
(118, 318, 2),
(119, 321, 4),
(120, 324, 3),
(121, 325, 1),
(122, 327, 3),
(123, 329, 3),
(124, 331, 6),
(125, 335, 2),
(126, 338, 3),
(127, 341, 2),
(128, 342, 2),
(129, 343, 2),
(130, 344, 2),
(131, 345, 4),
(132, 346, 2),
(133, 348, 4),
(134, 351, 4),
(135, 353, 3),
(136, 356, 3),
(137, 357, 2),
(138, 359, 3),
(139, 360, 4),
(140, 363, 3),
(141, 365, 6),
(142, 368, 4),
(143, 369, 4),
(144, 370, 4),
(145, 371, 4),
(146, 372, 2),
(147, 374, 4),
(148, 376, 3),
(149, 382, 4),
(150, 385, 3),
(151, 386, 3),
(152, 389, 3),
(153, 391, 3),
(154, 392, 3),
(155, 393, 6),
(156, 396, 4),
(157, 399, 4),
(158, 402, 3),
(159, 405, 3),
(160, 406, 2),
(161, 428, 3),
(162, 431, 3),
(163, 434, 3),
(164, 437, 1),
(165, 440, 1),
(166, 442, 1),
(167, 444, 3),
(168, 453, 1),
(169, 454, 1),
(170, 455, 1),
(171, 460, 1),
(172, 462, 2),
(173, 463, 2),
(174, 465, 2),
(175, 468, 2),
(176, 469, 2),
(177, 473, 3),
(178, 475, 1),
(179, 480, 1),
(180, 483, 4),
(181, 485, 4),
(182, 490, 3),
(183, 491, 6),
(184, 500, 4),
(185, 502, 4),
(186, 504, 3),
(187, 506, 3),
(188, 507, 2),
(189, 510, 2),
(190, 553, 3),
(191, 556, 3),
(192, 559, 3),
(193, 562, 1),
(194, 564, 1),
(195, 567, 1),
(196, 569, 2),
(197, 571, 2),
(198, 573, 2),
(199, 575, 1),
(200, 577, 1),
(201, 580, 2),
(202, 582, 1),
(203, 585, 1),
(204, 587, 3),
(205, 589, 4),
(206, 591, 2),
(207, 594, 2),
(208, 597, 4),
(209, 598, 4),
(210, 599, 1),
(211, 602, 2),
(212, 605, 2),
(213, 607, 2),
(214, 609, 3),
(215, 610, 3),
(216, 611, 4),
(217, 616, 3),
(218, 617, 2),
(219, 619, 2),
(220, 621, 3),
(221, 622, 3),
(222, 628, 2),
(223, 632, 1),
(224, 634, 3),
(225, 637, 4),
(226, 640, 2),
(227, 642, 2),
(228, 645, 2),
(229, 646, 2),
(230, 647, 2),
(231, 648, 2),
(232, 653, 2),
(233, 654, 3),
(234, 656, 2),
(235, 658, 4),
(236, 659, 4),
(237, 662, 3),
(238, 663, 2),
(239, 665, 3),
(240, 667, 3),
(241, 670, 2),
(242, 671, 3),
(243, 673, 6),
(244, 676, 6),
(245, 679, 3),
(246, 681, 2),
(247, 682, 3),
(248, 684, 2),
(249, 685, 2),
(250, 687, 6),
(251, 688, 3),
(252, 690, 3),
(253, 692, 4),
(254, 693, 3),
(255, 695, 3),
(256, 697, 4),
(257, 698, 4),
(258, 702, 4),
(259, 716, 3),
(260, 719, 3),
(261, 722, 3),
(262, 725, 1),
(263, 727, 1),
(264, 730, 1),
(265, 733, 2),
(266, 735, 3),
(267, 738, 2),
(268, 740, 3),
(269, 742, 2),
(270, 743, 2),
(271, 745, 3),
(272, 748, 2),
(273, 750, 2),
(274, 752, 3),
(275, 754, 2),
(276, 756, 4),
(277, 758, 4),
(278, 760, 2),
(279, 767, 4),
(280, 768, 2),
(281, 769, 4),
(282, 773, 2),
(283, 774, 3),
(284, 776, 3),
(285, 777, 3),
(286, 778, 3),
(287, 779, 3),
(288, 784, 4),
(289, 795, 1),
(290, 798, 2),
(291, 800, 4),
(292, 802, 1),
(293, 804, 1),
(294, 806, 3),
(295, 809, 2),
(296, 813, 4),
(297, 816, 4),
(298, 819, 4),
(299, 822, 3),
(300, 825, 1),
(301, 827, 2),
(302, 830, 2),
(303, 832, 3),
(304, 833, 3),
(305, 834, 3),
(306, 835, 3),
(307, 836, 2),
(308, 838, 4),
(309, 843, 1),
(310, 845, 2),
(311, 847, 1),
(312, 849, 1),
(313, 851, 1),
(314, 853, 3),
(315, 855, 3),
(316, 857, 1),
(317, 860, 4),
(318, 861, 4),
(319, 862, 4),
(320, 863, 6),
(321, 865, 2),
(322, 867, 2),
(323, 871, 3),
(324, 872, 2),
(325, 873, 1),
(326, 874, 6),
(327, 875, 2),
(328, 876, 6),
(329, 877, 6),
(330, 889, 5),
(331, 890, 5),
(332, 891, 5),
(333, 892, 5),
(334, 893, 5),
(335, 894, 5),
(336, 895, 5),
(337, 899, 5),
(338, 901, 5),
(339, 902, 5);

-- --------------------------------------------------------

--
-- Table structure for table `users`
--

CREATE TABLE `users` (
  `id_user` int NOT NULL,
  `nickname` varchar(30) NOT NULL,
  `first_password` varchar(255) DEFAULT NULL,
  `main_password` varchar(255) CHARACTER SET utf8mb4 COLLATE utf8mb4_0900_ai_ci DEFAULT NULL
) ENGINE=InnoDB DEFAULT CHARSET=utf8mb4 COLLATE=utf8mb4_0900_ai_ci;

--
-- Dumping data for table `users`
--

INSERT INTO `users` (`id_user`, `nickname`, `first_password`, `main_password`) VALUES
(1, 'AlexeiK', '$2y$10$Ecn6RX0JkZiCR3l79GxPxOETLmPnRABSGdeMmv3CVMoCJ9S0DN1dO', NULL);

-- --------------------------------------------------------

--
-- Table structure for table `wildernesses`
--

CREATE TABLE `wildernesses` (
  `id_wilderness` int NOT NULL,
  `wilderness_name` varchar(50) NOT NULL,
  `id_region` int DEFAULT NULL
) ENGINE=InnoDB DEFAULT CHARSET=utf8mb4 COLLATE=utf8mb4_0900_ai_ci;

--
-- Dumping data for table `wildernesses`
--

INSERT INTO `wildernesses` (`id_wilderness`, `wilderness_name`, `id_region`) VALUES
(1, 'Łąka', 1),
(2, 'Las', 1),
(3, 'Wybrzeże', 1),
(4, 'Morze', 1),
(5, 'Góry', 1),
(6, 'Jaskinie', 1),
(7, 'Opuszczone Miasto', 1),
(8, 'Safari', 1),
(9, 'Równina', 2),
(10, 'Puszcza', 2),
(11, 'Jezioro', 2),
(12, 'Wulkan', 2),
(13, 'Ruiny Miasta', 2),
(14, 'Park Narodowy', 2),
(15, 'Alejka Spacerowa', 3),
(16, 'Pustynia', 3),
(17, 'Głębina', 3),
(18, 'Ogród', 3),
(19, 'Opuszczona Elektrownia', 3),
(20, 'Nawiedzona Wieża', 3),
(21, 'Meteorytowa Góra', 3),
(22, 'Gęsty Zagajnik', 4),
(23, 'Dolina Wiatraków', 4),
(24, 'Koronny Szczyt', 4),
(25, 'Potrójny Staw', 4),
(26, 'Pustynia Lodowa', 4),
(27, 'Wielkie Bagna', 4),
(28, 'Ranczo', 5),
(29, 'Most Zwodzony Driftveil', 5),
(30, 'Cudowny Most', 5),
(31, 'Strzelisty Most', 5),
(32, 'Most Sieci Metra', 5),
(33, 'Wiejski Most', 5),
(34, 'Jaskinia Elektrokamieni', 5),
(35, 'Reliktowy Zamek', 5),
(36, 'Francuski Labirynt', 6),
(37, 'Lazurowa Zatoka', 6),
(38, 'Mroczna Gęstwina', 6),
(39, 'Lustrzana Grota', 6),
(40, 'Oszroniona Pieczara', 6),
(41, 'Przyjazne Safari', 6),
(42, 'Wzgórze Strumyków', 7),
(43, 'Bujna Dżungla', 7),
(44, 'Plaża Wielkiej Fali', 7),
(45, 'Wulkaniczny Park', 7),
(46, 'Wielki Kanion Poni', 7),
(47, 'Góra Lanakila', 7);

--
-- Indexes for dumped tables
--

--
-- Indexes for table `hunts`
--
ALTER TABLE `hunts`
  ADD PRIMARY KEY (`id_hunt`),
  ADD KEY `FK_huntUser` (`id_user`),
  ADD KEY `FK_sh_pP` (`id_sh_pokemon`);

--
-- Indexes for table `pokemons`
--
ALTER TABLE `pokemons`
  ADD PRIMARY KEY (`id_pokemon`);

--
-- Indexes for table `pokemon_locations`
--
ALTER TABLE `pokemon_locations`
  ADD PRIMARY KEY (`id_pokemonLocation`),
  ADD KEY `FK_pokemon` (`id_pokemon`),
  ADD KEY `FK_wilderness` (`id_wilderness`),
  ADD KEY `FK_regionLoc` (`id_region`);

--
-- Indexes for table `prices`
--
ALTER TABLE `prices`
  ADD PRIMARY KEY (`id_price`);

--
-- Indexes for table `regions`
--
ALTER TABLE `regions`
  ADD PRIMARY KEY (`id_region`);

--
-- Indexes for table `shiny_Locations`
--
ALTER TABLE `shiny_Locations`
  ADD PRIMARY KEY (`id_shLocations`),
  ADD KEY `FK_shPokemon` (`id_shPokemon`),
  ADD KEY `FK_shWilderness` (`id_wilderness`);

--
-- Indexes for table `shiny_prices`
--
ALTER TABLE `shiny_prices`
  ADD PRIMARY KEY (`id_shPrices`),
  ADD KEY `FK_shPok` (`id_pokemon`),
  ADD KEY `FK_shPrice` (`id_price`);

--
-- Indexes for table `users`
--
ALTER TABLE `users`
  ADD PRIMARY KEY (`id_user`);

--
-- Indexes for table `wildernesses`
--
ALTER TABLE `wildernesses`
  ADD PRIMARY KEY (`id_wilderness`),
  ADD KEY `FK_region` (`id_region`);

--
-- AUTO_INCREMENT for dumped tables
--

--
-- AUTO_INCREMENT for table `hunts`
--
ALTER TABLE `hunts`
  MODIFY `id_hunt` int NOT NULL AUTO_INCREMENT;

--
-- AUTO_INCREMENT for table `pokemons`
--
ALTER TABLE `pokemons`
  MODIFY `id_pokemon` int NOT NULL AUTO_INCREMENT, AUTO_INCREMENT=908;

--
-- AUTO_INCREMENT for table `pokemon_locations`
--
ALTER TABLE `pokemon_locations`
  MODIFY `id_pokemonLocation` int NOT NULL AUTO_INCREMENT, AUTO_INCREMENT=1075;

--
-- AUTO_INCREMENT for table `prices`
--
ALTER TABLE `prices`
  MODIFY `id_price` int NOT NULL AUTO_INCREMENT, AUTO_INCREMENT=7;

--
-- AUTO_INCREMENT for table `regions`
--
ALTER TABLE `regions`
  MODIFY `id_region` int NOT NULL AUTO_INCREMENT, AUTO_INCREMENT=8;

--
-- AUTO_INCREMENT for table `shiny_Locations`
--
ALTER TABLE `shiny_Locations`
  MODIFY `id_shLocations` int NOT NULL AUTO_INCREMENT, AUTO_INCREMENT=341;

--
-- AUTO_INCREMENT for table `shiny_prices`
--
ALTER TABLE `shiny_prices`
  MODIFY `id_shPrices` int NOT NULL AUTO_INCREMENT, AUTO_INCREMENT=340;

--
-- AUTO_INCREMENT for table `users`
--
ALTER TABLE `users`
  MODIFY `id_user` int NOT NULL AUTO_INCREMENT, AUTO_INCREMENT=2;

--
-- AUTO_INCREMENT for table `wildernesses`
--
ALTER TABLE `wildernesses`
  MODIFY `id_wilderness` int NOT NULL AUTO_INCREMENT, AUTO_INCREMENT=48;

--
-- Constraints for dumped tables
--

--
-- Constraints for table `hunts`
--
ALTER TABLE `hunts`
  ADD CONSTRAINT `FK_huntUser` FOREIGN KEY (`id_user`) REFERENCES `users` (`id_user`),
  ADD CONSTRAINT `FK_sh_pP` FOREIGN KEY (`id_sh_pokemon`) REFERENCES `pokemons` (`id_pokemon`);

--
-- Constraints for table `pokemon_locations`
--
ALTER TABLE `pokemon_locations`
  ADD CONSTRAINT `FK_pokemon` FOREIGN KEY (`id_pokemon`) REFERENCES `pokemons` (`id_pokemon`),
  ADD CONSTRAINT `FK_regionLoc` FOREIGN KEY (`id_region`) REFERENCES `regions` (`id_region`),
  ADD CONSTRAINT `FK_wilderness` FOREIGN KEY (`id_wilderness`) REFERENCES `wildernesses` (`id_wilderness`);

--
-- Constraints for table `shiny_Locations`
--
ALTER TABLE `shiny_Locations`
  ADD CONSTRAINT `FK_shPokemon` FOREIGN KEY (`id_shPokemon`) REFERENCES `pokemons` (`id_pokemon`),
  ADD CONSTRAINT `FK_shWilderness` FOREIGN KEY (`id_wilderness`) REFERENCES `wildernesses` (`id_wilderness`);

--
-- Constraints for table `shiny_prices`
--
ALTER TABLE `shiny_prices`
  ADD CONSTRAINT `FK_shPok` FOREIGN KEY (`id_pokemon`) REFERENCES `pokemons` (`id_pokemon`),
  ADD CONSTRAINT `FK_shPrice` FOREIGN KEY (`id_price`) REFERENCES `prices` (`id_price`);

--
-- Constraints for table `wildernesses`
--
ALTER TABLE `wildernesses`
  ADD CONSTRAINT `FK_region` FOREIGN KEY (`id_region`) REFERENCES `regions` (`id_region`);
COMMIT;

/*!40101 SET CHARACTER_SET_CLIENT=@OLD_CHARACTER_SET_CLIENT */;
/*!40101 SET CHARACTER_SET_RESULTS=@OLD_CHARACTER_SET_RESULTS */;
/*!40101 SET COLLATION_CONNECTION=@OLD_COLLATION_CONNECTION */;
